rel_path,file_name,ext,size_bytes,status,searchable,programmatic,text_extractable,ocr,docling_pages,ocr_pages,is_structured,page_or_sheet_count,attachment_count,estimated_entities,estimate_truncated,entity_bucket,entities_found,value_signal,pi_categories,is_bde,complexity_bucket,ambiguity,llm_consulted,llm_responsive,llm_responsiveness,llm_reasoning,llm_tokens,suggested_lane,detail,elapsed_s,dry_run
Q00897.01-0000000003.PDF,Q00897.01-0000000003.PDF,.pdf,261917,ok,True,False,text,False,0,0,False,1,0,1,False,0-10,Name | Email | Work-Related,True,Contact Information | Work-Related Information,False,,ambiguous,False,,,,0,standard,,0.52,True
Q00897.01-0000000004.PDF,Q00897.01-0000000004.PDF,.pdf,279573,ok,True,False,text,False,0,0,False,1,0,2,False,0-10,Name | Email | Date of Birth | Work-Related,True,Contact Information | Birth Information | Work-Related Information,False,,ambiguous,False,,,,0,standard,,0.462,True
Q00897.01-0000000007.PDF,Q00897.01-0000000007.PDF,.pdf,450640,error,False,False,,False,0,0,False,0,0,0,False,,,False,,False,,,False,,,,0,review_error,"ocr_failed: LocalEntryNotFoundError: Got: ConnectError: [WinError 10054] An existing connection was forcibly closed by the remote host
An error happened while trying to locate the files on the Hub, and we cannot find the appropriate snapshot folder for the specified revision on the local disk. Please check your internet connection and try again.",21.741,True
Q00897.01-0000000008.PDF,Q00897.01-0000000008.PDF,.pdf,373284,error,False,False,,False,0,0,False,0,0,0,False,,,False,,False,,,False,,,,0,review_error,"ocr_failed: LocalEntryNotFoundError: Got: ConnectError: [WinError 10054] An existing connection was forcibly closed by the remote host
An error happened while trying to locate the files on the Hub, and we cannot find the appropriate snapshot folder for the specified revision on the local disk. Please check your internet connection and try again.",2.136,True
Q00897.01-0000000011.PDF,Q00897.01-0000000011.PDF,.pdf,266148,error,False,False,,False,0,0,False,0,0,0,False,,,False,,False,,,False,,,,0,review_error,"ocr_failed: LocalEntryNotFoundError: Got: ConnectError: [WinError 10054] An existing connection was forcibly closed by the remote host
An error happened while trying to locate the files on the Hub, and we cannot find the appropriate snapshot folder for the specified revision on the local disk. Please check your internet connection and try again.",0.997,True
Q00897.01-0000000012.PDF,Q00897.01-0000000012.PDF,.pdf,1026639,error,False,False,,False,0,0,False,0,0,0,False,,,False,,False,,,False,,,,0,review_error,"ocr_failed: LocalEntryNotFoundError: Got: ConnectError: [WinError 10054] An existing connection was forcibly closed by the remote host
An error happened while trying to locate the files on the Hub, and we cannot find the appropriate snapshot folder for the specified revision on the local disk. Please check your internet connection and try again.",0.972,True
Q00897.01-0000000013.PDF,Q00897.01-0000000013.PDF,.pdf,477861,ok,True,False,text,False,0,0,False,2,0,2,False,0-10,Name | Email | Date of Birth | Money/Amount | Work-Related,True,Contact Information | Birth Information | Financial Account Information | Work-Related Information,False,,ambiguous,False,,,,0,standard,,0.977,True
Q00897.01-0000000014.PDF,Q00897.01-0000000014.PDF,.pdf,311809,error,False,False,,False,0,0,False,0,0,0,False,,,False,,False,,,False,,,,0,review_error,"ocr_failed: LocalEntryNotFoundError: Got: ConnectError: [WinError 10054] An existing connection was forcibly closed by the remote host
An error happened while trying to locate the files on the Hub, and we cannot find the appropriate snapshot folder for the specified revision on the local disk. Please check your internet connection and try again.",0.924,True
Q00897.01-0000000015.PDF,Q00897.01-0000000015.PDF,.pdf,692820,error,False,False,,False,0,0,False,0,0,0,False,,,False,,False,,,False,,,,0,review_error,"ocr_failed: LocalEntryNotFoundError: Got: ConnectError: [WinError 10054] An existing connection was forcibly closed by the remote host
An error happened while trying to locate the files on the Hub, and we cannot find the appropriate snapshot folder for the specified revision on the local disk. Please check your internet connection and try again.",0.895,True
Q00897.01-0000000019.PDF,Q00897.01-0000000019.PDF,.pdf,46370,ok,True,False,text,False,0,0,False,1,0,1,False,0-10,Name,False,,False,,ambiguous,False,,,,0,likely_non_responsive,,0.251,True
Q00897.01-0000000020.PDF,Q00897.01-0000000020.PDF,.pdf,779948,error,False,False,,False,0,0,False,0,0,0,False,,,False,,False,,,False,,,,0,review_error,"ocr_failed: LocalEntryNotFoundError: Got: ConnectError: [WinError 10054] An existing connection was forcibly closed by the remote host
An error happened while trying to locate the files on the Hub, and we cannot find the appropriate snapshot folder for the specified revision on the local disk. Please check your internet connection and try again.",1.15,True
Q00897.01-0000000022.PDF,Q00897.01-0000000022.PDF,.pdf,180986,error,False,False,,False,0,0,False,0,0,0,False,,,False,,False,,,False,,,,0,review_error,"ocr_failed: LocalEntryNotFoundError: Got: ConnectError: [WinError 10054] An existing connection was forcibly closed by the remote host
An error happened while trying to locate the files on the Hub, and we cannot find the appropriate snapshot folder for the specified revision on the local disk. Please check your internet connection and try again.",0.89,True
Q00897.01-0000000025.XLSX,Q00897.01-0000000025.XLSX,.xlsx,40948,ok,True,True,text,False,0,0,True,2,0,100,False,50-100,Work-Related,False,Work-Related Information,True,,ambiguous,False,,,,0,structured_bde,roster_by_rowcount,0.189,True
Q00897.01-0000000026.PDF,Q00897.01-0000000026.PDF,.pdf,317952,ok,True,False,text,False,0,0,False,2,0,3,False,0-10,Name | Email | Date of Birth | Money/Amount | Work-Related,True,Contact Information | Birth Information | Financial Account Information | Work-Related Information,False,,ambiguous,False,,,,0,standard,,0.597,True
Q00897.01-0000000028.PDF,Q00897.01-0000000028.PDF,.pdf,318347,ok,True,False,text,False,0,0,False,2,0,3,False,0-10,Name | Email | Date of Birth | Money/Amount | Work-Related,True,Contact Information | Birth Information | Financial Account Information | Work-Related Information,False,,ambiguous,False,,,,0,standard,,0.598,True
Q00897.01-0000000029.PDF,Q00897.01-0000000029.PDF,.pdf,315540,ok,True,False,text,False,0,0,False,1,0,1,False,0-10,Money/Amount | Work-Related,False,Financial Account Information | Work-Related Information,False,,ambiguous,False,,,,0,likely_non_responsive,,1.148,True
Q00897.01-0000000031.PDF,Q00897.01-0000000031.PDF,.pdf,1137428,error,False,False,,False,0,0,False,0,0,0,False,,,False,,False,,,False,,,,0,review_error,"ocr_failed: LocalEntryNotFoundError: Got: ConnectError: [WinError 10054] An existing connection was forcibly closed by the remote host
An error happened while trying to locate the files on the Hub, and we cannot find the appropriate snapshot folder for the specified revision on the local disk. Please check your internet connection and try again.",2.691,True
Q00897.01-0000000032.PDF,Q00897.01-0000000032.PDF,.pdf,238175,error,False,False,,False,0,0,False,0,0,0,False,,,False,,False,,,False,,,,0,review_error,"ocr_failed: LocalEntryNotFoundError: Got: ConnectError: [WinError 10054] An existing connection was forcibly closed by the remote host
An error happened while trying to locate the files on the Hub, and we cannot find the appropriate snapshot folder for the specified revision on the local disk. Please check your internet connection and try again.",0.892,True
Q00897.01-0000000033.PDF,Q00897.01-0000000033.PDF,.pdf,491359,error,False,False,,False,0,0,False,0,0,0,False,,,False,,False,,,False,,,,0,review_error,"ocr_failed: LocalEntryNotFoundError: Got: ConnectError: [WinError 10054] An existing connection was forcibly closed by the remote host
An error happened while trying to locate the files on the Hub, and we cannot find the appropriate snapshot folder for the specified revision on the local disk. Please check your internet connection and try again.",1.054,True
Q00897.01-0000000034.PDF,Q00897.01-0000000034.PDF,.pdf,1109817,error,False,False,,False,0,0,False,0,0,0,False,,,False,,False,,,False,,,,0,review_error,"ocr_failed: LocalEntryNotFoundError: Got: ConnectError: [WinError 10054] An existing connection was forcibly closed by the remote host
An error happened while trying to locate the files on the Hub, and we cannot find the appropriate snapshot folder for the specified revision on the local disk. Please check your internet connection and try again.",2.379,True
