which,control_id,file_name,human_entities,type,stage1_lane,stage2_lane,stage2_level,tool_est,bde_person_count,effective,searchable,di_calls,detail
stage1_miss(FN),q00897.01-0000293741,Q00897.01-0000293741.PDF,1218,PDF,likely_non_responsive,,,1,0,1,True,0,
stage1_miss(FN),q00897.01-0000294399,Q00897.01-0000294399.PDF,412,PDF,likely_non_responsive,,,1,0,1,True,0,
stage1_miss(FN),q00897.01-0000294592,Q00897.01-0000294592.PDF,408,PDF,likely_non_responsive,,,1,0,1,True,0,
stage1_miss(FN),q00897.01-0000292852,Q00897.01-0000292852.PDF,371,PDF,likely_non_responsive,,,1,0,1,True,0,
stage1_miss(FN),q00897.01-0000021790,Q00897.01-0000021790.PDF,55,PDF,likely_non_responsive,,,1,0,1,True,0,
stage1_miss(FN),q00897.01-0000912173,Q00897.01-0000912173.PDF,34,PDF,likely_non_responsive,,,1,0,1,True,0,
stage1_miss(FN),q00897.01-0000890677,Q00897.01-0000890677.PDF,30,PDF,likely_non_responsive,,,0,0,0,True,0,
stage1_miss(FN),q00897.01-0000854816,Q00897.01-0000854816.PDF,21,PDF,likely_non_responsive,,,1,0,1,True,0,
stage1_miss(FN),q00897.01-0000013615,Q00897.01-0000013615.PDF,20,PDF,likely_non_responsive,,,1,0,1,True,1,"img_ocr:p1(1/1,+7chars)"
stage1_miss(FN),q00897.01-0000011418,Q00897.01-0000011418.PDF,17,PDF,likely_non_responsive,,,0,0,0,True,0,
stage1_miss(FN),q00897.01-0000458203,Q00897.01-0000458203.MSG,17,Messages,likely_non_responsive,,,0,0,0,True,0,
stage1_miss(FN),q00897.01-0000908033,Q00897.01-0000908033.PDF,10,PDF,likely_non_responsive,,,0,0,0,True,0,
stage1_miss(FN),q00897.01-0000289493,Q00897.01-0000289493.PDF,9,PDF,likely_non_responsive,,,1,0,1,True,0,
stage1_miss(FN),q00897.01-0000909871,Q00897.01-0000909871.PDF,6,PDF,likely_non_responsive,,,0,0,0,True,0,
stage1_miss(FN),q00897.01-0000893025,Q00897.01-0000893025.PDF,5,PDF,likely_non_responsive,,,0,0,0,True,0,
stage1_miss(FN),q00897.01-0000888757,Q00897.01-0000888757.PDF,2,PDF,likely_non_responsive,,,0,0,0,True,0,
stage1_miss(FN),q00897.01-0000000920,Q00897.01-0000000920.PDF,1,PDF,likely_non_responsive,,,1,0,1,True,0,
stage1_miss(FN),q00897.01-0000004862,Q00897.01-0000004862.PDF,1,PDF,likely_non_responsive,,,1,0,1,True,0,
stage1_miss(FN),q00897.01-0000012058,Q00897.01-0000012058.PDF,1,PDF,likely_non_responsive,,,1,0,1,True,0,
stage1_miss(FN),q00897.01-0000014940,Q00897.01-0000014940.PDF,1,PDF,likely_non_responsive,,,1,0,1,True,2,"img_ocr:none(2 calls,0 chars)"
stage1_miss(FN),q00897.01-0000015088,Q00897.01-0000015088.PDF,1,PDF,likely_non_responsive,,,2,0,2,True,0,
stage1_miss(FN),q00897.01-0000292082,Q00897.01-0000292082.PDF,1,PDF,likely_non_responsive,,,1,0,1,True,0,
stage1_miss(FN),q00897.01-0000657830,Q00897.01-0000657830.MSG,1,Messages,likely_non_responsive,,,1,0,1,True,0,
stage1_miss(FN),q00897.01-0000857056,Q00897.01-0000857056.PDF,1,PDF,likely_non_responsive,,,2,0,2,True,0,
stage1_miss(FN),q00897.01-0000858544,Q00897.01-0000858544.PDF,1,PDF,likely_non_responsive,,,2,0,2,True,0,
stage1_miss(FN),q00897.01-0000865188,Q00897.01-0000865188.PDF,1,PDF,likely_non_responsive,,,1,0,1,True,0,
stage1_miss(FN),q00897.01-0000889027,Q00897.01-0000889027.PDF,1,PDF,likely_non_responsive,,,1,0,1,True,0,
stage1_miss(FN),q00897.01-0000890379,Q00897.01-0000890379.PDF,1,PDF,likely_non_responsive,,,0,0,0,True,0,
stage1_miss(FN),q00897.01-0000890978,Q00897.01-0000890978.PDF,1,PDF,likely_non_responsive,,,0,0,0,True,0,
stage1_miss(FN),q00897.01-0000892701,Q00897.01-0000892701.PDF,1,PDF,likely_non_responsive,,,0,0,0,True,0,
stage1_miss(FN),q00897.01-0000894193,Q00897.01-0000894193.PDF,1,PDF,likely_non_responsive,,,0,0,0,True,0,
stage1_miss(FN),q00897.01-0000895744,Q00897.01-0000895744.PDF,1,PDF,likely_non_responsive,,,0,0,0,True,0,
stage1_miss(FN),q00897.01-0000896186,Q00897.01-0000896186.PDF,1,PDF,likely_non_responsive,,,0,0,0,True,0,
stage1_miss(FN),q00897.01-0000897129,Q00897.01-0000897129.PDF,1,PDF,likely_non_responsive,,,1,0,1,True,0,
stage1_miss(FN),q00897.01-0000897213,Q00897.01-0000897213.PDF,1,PDF,likely_non_responsive,,,1,0,1,True,0,
stage1_miss(FN),q00897.01-0000899084,Q00897.01-0000899084.PDF,1,PDF,likely_non_responsive,,,1,0,1,True,0,
stage1_miss(FN),q00897.01-0000900054,Q00897.01-0000900054.PDF,1,PDF,likely_non_responsive,,,1,0,1,True,0,
stage1_miss(FN),q00897.01-0000900464,Q00897.01-0000900464.PDF,1,PDF,likely_non_responsive,,,1,0,1,True,0,
stage1_miss(FN),q00897.01-0000900504,Q00897.01-0000900504.PDF,1,PDF,likely_non_responsive,,,1,0,1,True,0,
stage1_miss(FN),q00897.01-0000900576,Q00897.01-0000900576.PDF,1,PDF,likely_non_responsive,,,1,0,1,True,0,
stage1_miss(FN),q00897.01-0000901285,Q00897.01-0000901285.PDF,1,PDF,likely_non_responsive,,,1,0,1,True,0,
stage1_miss(FN),q00897.01-0000901530,Q00897.01-0000901530.PDF,1,PDF,likely_non_responsive,,,1,0,1,True,0,
stage1_miss(FN),q00897.01-0000902336,Q00897.01-0000902336.PDF,1,PDF,likely_non_responsive,,,0,0,0,True,0,
stage1_miss(FN),q00897.01-0000902457,Q00897.01-0000902457.PDF,1,PDF,likely_non_responsive,,,1,0,1,True,0,
stage1_miss(FN),q00897.01-0000902590,Q00897.01-0000902590.PDF,1,PDF,likely_non_responsive,,,1,0,1,True,0,
stage1_miss(FN),q00897.01-0000904396,Q00897.01-0000904396.PDF,1,PDF,likely_non_responsive,,,0,0,0,True,0,
stage1_miss(FN),q00897.01-0000904904,Q00897.01-0000904904.PDF,1,PDF,likely_non_responsive,,,0,0,0,True,0,
stage1_miss(FN),q00897.01-0000905037,Q00897.01-0000905037.PDF,1,PDF,likely_non_responsive,,,0,0,0,True,0,
stage1_miss(FN),q00897.01-0000908093,Q00897.01-0000908093.PDF,1,PDF,likely_non_responsive,,,0,0,0,True,0,
stage1_miss(FN),q00897.01-0000911696,Q00897.01-0000911696.PDF,1,PDF,likely_non_responsive,,,0,0,0,True,0,
stage1_miss(FN),q00897.01-0000911795,Q00897.01-0000911795.PDF,1,PDF,likely_non_responsive,,,0,0,0,True,0,
stage1_miss(FN),q00897.01-0000913060,Q00897.01-0000913060.PDF,1,PDF,likely_non_responsive,,,0,0,0,True,0,
stage1_overcall(FP),q00897.01-0000000044,Q00897.01-0000000044.PDF,0,PDF,standard,standard,clear_yes,15,2,2,True,1,bde_llm_count
stage1_overcall(FP),q00897.01-0000002270,Q00897.01-0000002270.PDF,0,PDF,standard,likely_non_responsive,likely_no,11,2,11,True,1,bde_llm_count
stage1_overcall(FP),q00897.01-0000004690,Q00897.01-0000004690.PDF,0,PDF,standard,standard,clear_yes,43,2,2,True,1,bde_llm_count
stage1_overcall(FP),q00897.01-0000006269,Q00897.01-0000006269.PDF,0,PDF,standard,standard,clear_yes,3,0,3,True,0,
stage1_overcall(FP),q00897.01-0000006293,Q00897.01-0000006293.PDF,0,PDF,standard,standard,clear_yes,3,0,3,True,0,
stage1_overcall(FP),q00897.01-0000008745,Q00897.01-0000008745.PDF,0,PDF,standard,standard,likely_yes,4,0,4,True,0,
stage1_overcall(FP),q00897.01-0000011661,Q00897.01-0000011661.PDF,0,PDF,standard,standard,likely_yes,1,0,1,True,1,
stage1_overcall(FP),q00897.01-0000012783,Q00897.01-0000012783.PDF,0,PDF,standard,standard,clear_yes,2,2,2,True,1,bde_llm_count
stage1_overcall(FP),q00897.01-0000035575,Q00897.01-0000035575.PDF,0,PDF,standard,likely_non_responsive,borderline,5,2,2,True,1,bde_llm_count
stage1_overcall(FP),q00897.01-0000037460,Q00897.01-0000037460.PDF,0,PDF,standard,likely_non_responsive,likely_no,61,0,61,True,1,bde_llm_count
stage1_overcall(FP),q00897.01-0000055081,Q00897.01-0000055081.PDF,0,PDF,standard,likely_non_responsive,clear_no,20,2,2,True,1,bde_llm_count
stage1_overcall(FP),q00897.01-0000081604,Q00897.01-0000081604.PDF,0,PDF,standard,likely_non_responsive,clear_no,8,0,8,True,1,bde_llm_count
stage1_overcall(FP),q00897.01-0000083886,Q00897.01-0000083886.PDF,0,PDF,standard,likely_non_responsive,likely_no,18,1,1,True,1,bde_llm_count
stage1_overcall(FP),q00897.01-0000100516,Q00897.01-0000100516.PDF,0,PDF,standard,likely_non_responsive,clear_no,5,0,5,True,0,
stage1_overcall(FP),q00897.01-0000106795,Q00897.01-0000106795.XLSX,0,Excel,structured_bde,likely_non_responsive,likely_no,2227,3,3,True,0,bde_llm_count_roster
stage1_overcall(FP),q00897.01-0000106866,Q00897.01-0000106866.PDF,0,PDF,standard,likely_non_responsive,likely_no,6,3,3,True,1,bde_llm_count
stage1_overcall(FP),q00897.01-0000106976,Q00897.01-0000106976.PDF,0,PDF,standard,standard,likely_yes,5,0,5,True,1,
stage1_overcall(FP),q00897.01-0000107298,Q00897.01-0000107298.PDF,0,PDF,standard,likely_non_responsive,clear_no,5,0,5,True,3,"img_ocr:p1,p2(2/3,+50chars)"
stage1_overcall(FP),q00897.01-0000107320,Q00897.01-0000107320.PDF,0,PDF,standard,likely_non_responsive,clear_no,226,3,3,True,1,bde_llm_count
stage1_overcall(FP),q00897.01-0000107322,Q00897.01-0000107322.PDF,0,PDF,standard,likely_non_responsive,clear_no,212,2,2,True,1,bde_llm_count
stage1_overcall(FP),q00897.01-0000107536,Q00897.01-0000107536.PDF,0,PDF,standard,standard,likely_yes,2,0,2,True,0,
stage1_overcall(FP),q00897.01-0000108199,Q00897.01-0000108199.PDF,0,PDF,standard,likely_non_responsive,borderline,19,1,1,True,1,bde_llm_count
stage1_overcall(FP),q00897.01-0000109157,Q00897.01-0000109157.XLSX,0,Excel,standard,likely_non_responsive,likely_no,4,2,2,True,0,bde_llm_count
stage1_overcall(FP),q00897.01-0000111336,Q00897.01-0000111336.XLSX,0,Excel,structured_bde,likely_non_responsive,clear_no,369,369,369,True,0,roster_by_rowcount bde_llm_count_roster
stage1_overcall(FP),q00897.01-0000112486,Q00897.01-0000112486.PDF,0,PDF,standard,likely_non_responsive,likely_no,1,0,1,True,0,
stage1_overcall(FP),q00897.01-0000112602,Q00897.01-0000112602.PDF,0,PDF,standard,likely_non_responsive,borderline,1,0,1,True,0,
stage1_overcall(FP),q00897.01-0000112715,Q00897.01-0000112715.PDF,0,PDF,standard,likely_non_responsive,likely_no,2,0,2,True,0,
stage1_overcall(FP),q00897.01-0000112821,Q00897.01-0000112821.PDF,0,PDF,standard,likely_non_responsive,likely_no,1,0,1,True,0,
stage1_overcall(FP),q00897.01-0000118344,Q00897.01-0000118344.XLSX,0,Excel,standard,standard,clear_yes,6,7,7,True,0,bde_llm_count_roster
stage1_overcall(FP),q00897.01-0000118584,Q00897.01-0000118584.PDF,0,PDF,standard,standard,clear_yes,2,0,2,True,0,
stage1_overcall(FP),q00897.01-0000119542,Q00897.01-0000119542.PDF,0,PDF,standard,likely_non_responsive,likely_no,18,1,18,True,0,bde_llm_count
stage1_overcall(FP),q00897.01-0000119986,Q00897.01-0000119986.XLSX,0,Excel,standard,likely_non_responsive,clear_no,376,19,19,True,0,bde_llm_count
stage1_overcall(FP),q00897.01-0000120385,Q00897.01-0000120385.PDF,0,PDF,standard,likely_non_responsive,clear_no,83,3,3,True,1,bde_llm_count
stage1_overcall(FP),q00897.01-0000123260,Q00897.01-0000123260.PDF,0,PDF,standard,likely_non_responsive,likely_no,8,1,1,True,1,bde_llm_count
stage1_overcall(FP),q00897.01-0000123354,Q00897.01-0000123354.PDF,0,PDF,standard,likely_non_responsive,likely_no,132,10,10,True,1,bde_llm_count
stage1_overcall(FP),q00897.01-0000124755,Q00897.01-0000124755.PDF,0,PDF,standard,likely_non_responsive,clear_no,230,0,230,True,1,bde_llm_count
stage1_overcall(FP),q00897.01-0000125065,Q00897.01-0000125065.PDF,0,PDF,structured_bde,likely_non_responsive,clear_no,455,51,51,True,1,bde_llm_count_roster
stage1_overcall(FP),q00897.01-0000125136,Q00897.01-0000125136.PDF,0,PDF,standard,likely_non_responsive,likely_no,204,8,8,True,1,bde_llm_count
stage1_overcall(FP),q00897.01-0000125188,Q00897.01-0000125188.PDF,0,PDF,standard,likely_non_responsive,likely_no,205,4,4,True,1,bde_llm_count
stage1_overcall(FP),q00897.01-0000126637,Q00897.01-0000126637.XLS,0,Excel,standard,standard,likely_yes,1,1,1,True,0,bde_llm_count
stage1_overcall(FP),q00897.01-0000134040,Q00897.01-0000134040.PDF,0,PDF,standard,likely_non_responsive,likely_no,50,1,1,True,1,bde_llm_count
stage1_overcall(FP),q00897.01-0000135969,Q00897.01-0000135969.PDF,0,PDF,standard,structured_bde,likely_yes,292,1,1,True,1,bde_llm_count
stage1_overcall(FP),q00897.01-0000135977,Q00897.01-0000135977.PDF,0,PDF,standard,structured_bde,likely_yes,275,6,6,True,1,bde_llm_count
stage1_overcall(FP),q00897.01-0000136152,Q00897.01-0000136152.PDF,0,PDF,standard,likely_non_responsive,likely_no,272,0,272,True,1,bde_llm_count
stage1_overcall(FP),q00897.01-0000136159,Q00897.01-0000136159.PDF,0,PDF,standard,likely_non_responsive,borderline,273,4,4,True,1,bde_llm_count
stage1_overcall(FP),q00897.01-0000136485,Q00897.01-0000136485.PDF,0,PDF,standard,likely_non_responsive,clear_no,271,4,4,True,1,bde_llm_count
stage1_overcall(FP),q00897.01-0000137012,Q00897.01-0000137012.PDF,0,PDF,standard,likely_non_responsive,clear_no,272,0,272,True,1,bde_llm_count
stage1_overcall(FP),q00897.01-0000137050,Q00897.01-0000137050.PDF,0,PDF,standard,likely_non_responsive,likely_no,226,0,226,True,1,llm_failed:JSONDecodeError bde_llm_count
stage1_overcall(FP),q00897.01-0000137915,Q00897.01-0000137915.PDF,0,PDF,standard,likely_non_responsive,likely_no,38,2,2,True,1,bde_llm_count
stage1_overcall(FP),q00897.01-0000138009,Q00897.01-0000138009.PDF,0,PDF,standard,likely_non_responsive,likely_no,71,0,71,True,1,bde_llm_count
stage1_overcall(FP),q00897.01-0000138858,Q00897.01-0000138858.PDF,0,PDF,standard,likely_non_responsive,clear_no,206,0,206,True,1,bde_llm_count
stage1_overcall(FP),q00897.01-0000138995,Q00897.01-0000138995.PDF,0,PDF,standard,structured_bde,clear_yes,212,4,4,True,1,bde_llm_count
stage1_overcall(FP),q00897.01-0000141441,Q00897.01-0000141441.XLSX,0,Excel,structured_bde,likely_non_responsive,clear_no,669,0,669,True,0,roster_by_rowcount bde_llm_count_roster
stage1_overcall(FP),q00897.01-0000169208,Q00897.01-0000169208.PDF,0,PDF,standard,likely_non_responsive,likely_no,5,0,5,True,1,"img_ocr:p1(1/1,+11chars)"
stage1_overcall(FP),q00897.01-0000178704,Q00897.01-0000178704.PDF,0,PDF,standard,likely_non_responsive,borderline,19,1,1,True,1,bde_llm_count
stage1_overcall(FP),q00897.01-0000218397,Q00897.01-0000218397.PDF,0,PDF,standard,likely_non_responsive,likely_no,259,0,259,True,1,bde_llm_count
stage1_overcall(FP),q00897.01-0000234013,Q00897.01-0000234013.PDF,0,PDF,standard,likely_non_responsive,clear_no,13,3,3,True,1,bde_llm_count
stage1_overcall(FP),q00897.01-0000238564,Q00897.01-0000238564.PDF,0,PDF,standard,standard,clear_yes,6,0,6,True,1,"img_ocr:none(1 calls,0 chars)"
stage1_overcall(FP),q00897.01-0000238596,Q00897.01-0000238596.PDF,0,PDF,standard,standard,clear_yes,1,1,1,True,1,bde_llm_count
stage1_overcall(FP),q00897.01-0000238624,Q00897.01-0000238624.PDF,0,PDF,standard,standard,clear_yes,1,0,1,True,1,
stage1_overcall(FP),q00897.01-0000238749,Q00897.01-0000238749.PDF,0,PDF,standard,standard,clear_yes,1,0,1,True,1,
stage1_overcall(FP),q00897.01-0000241548,Q00897.01-0000241548.XLSX,0,Excel,standard,likely_non_responsive,clear_no,246,0,246,True,0,bde_llm_count
stage1_overcall(FP),q00897.01-0000241885,Q00897.01-0000241885.XLSX,0,Excel,structured_bde,likely_non_responsive,clear_no,53,53,53,True,0,bde_llm_count_roster
stage1_overcall(FP),q00897.01-0000243714,Q00897.01-0000243714.PDF,0,PDF,standard,likely_non_responsive,likely_no,60,1,1,True,1,bde_llm_count
stage1_overcall(FP),q00897.01-0000246443,Q00897.01-0000246443.PDF,0,PDF,standard,likely_non_responsive,likely_no,1,0,1,True,1,"img_ocr:p4(1/1,+234chars)"
stage1_overcall(FP),q00897.01-0000246662,Q00897.01-0000246662.PDF,0,PDF,standard,standard,likely_yes,2,0,2,True,1,"img_ocr:p3(1/1,+339chars)"
stage1_overcall(FP),q00897.01-0000247236,Q00897.01-0000247236.PDF,0,PDF,standard,likely_non_responsive,likely_no,18,0,18,True,1,bde_llm_count
stage1_overcall(FP),q00897.01-0000247543,Q00897.01-0000247543.PDF,0,PDF,standard,likely_non_responsive,likely_no,1,0,1,True,1,"img_ocr:p3(1/1,+438chars)"
stage1_overcall(FP),q00897.01-0000248143,Q00897.01-0000248143.PDF,0,PDF,standard,likely_non_responsive,clear_no,8,4,8,True,2,"img_ocr:p1,p2(2/2,+635chars) bde_llm_count"
stage1_overcall(FP),q00897.01-0000249077,Q00897.01-0000249077.PDF,0,PDF,standard,likely_non_responsive,likely_no,2,0,2,True,1,"img_ocr:p3(1/1,+378chars)"
stage1_overcall(FP),q00897.01-0000249240,Q00897.01-0000249240.PDF,0,PDF,standard,likely_non_responsive,clear_no,13,1,1,True,1,bde_llm_count
stage1_overcall(FP),q00897.01-0000250615,Q00897.01-0000250615.XLSX,0,Excel,structured_bde,likely_non_responsive,clear_no,659,659,659,True,0,bde_llm_count_roster
stage1_overcall(FP),q00897.01-0000250855,Q00897.01-0000250855.XLSX,0,Excel,structured_bde,likely_non_responsive,clear_no,12546,0,12546,True,0,roster_by_rowcount bde_llm_count_roster
stage1_overcall(FP),q00897.01-0000250942,Q00897.01-0000250942.PDF,0,PDF,standard,likely_non_responsive,likely_no,6,0,6,True,1,"img_ocr:p1(1/1,+236chars)"
stage1_overcall(FP),q00897.01-0000254135,Q00897.01-0000254135.PDF,0,PDF,standard,likely_non_responsive,likely_no,3,0,3,True,1,
stage1_overcall(FP),q00897.01-0000254145,Q00897.01-0000254145.PDF,0,PDF,standard,likely_non_responsive,likely_no,3,0,3,True,0,
stage1_overcall(FP),q00897.01-0000256123,Q00897.01-0000256123.PDF,0,PDF,standard,likely_non_responsive,clear_no,1,0,1,True,2,"img_ocr:p1,p1(2/2,+373chars)"
stage1_overcall(FP),q00897.01-0000256207,Q00897.01-0000256207.PDF,0,PDF,standard,standard,likely_yes,5,0,5,True,0,
stage1_overcall(FP),q00897.01-0000256262,Q00897.01-0000256262.PDF,0,PDF,standard,likely_non_responsive,clear_no,1,0,1,True,0,
stage1_overcall(FP),q00897.01-0000257942,Q00897.01-0000257942.MSG,0,Messages,standard,likely_non_responsive,likely_no,5,0,5,True,0,
stage1_overcall(FP),q00897.01-0000258078,Q00897.01-0000258078.PDF,0,PDF,standard,likely_non_responsive,likely_no,2,0,2,True,1,"img_ocr:p2(1/1,+242chars)"
stage1_overcall(FP),q00897.01-0000258246,Q00897.01-0000258246.PDF,0,PDF,standard,likely_non_responsive,likely_no,4,0,4,True,1,"img_ocr:p2(1/1,+318chars)"
stage1_overcall(FP),q00897.01-0000258312,Q00897.01-0000258312.PDF,0,PDF,standard,standard,likely_yes,2,0,2,True,1,"img_ocr:p3(1/1,+301chars)"
stage1_overcall(FP),q00897.01-0000258382,Q00897.01-0000258382.PDF,0,PDF,standard,likely_non_responsive,likely_no,2,0,2,True,1,"img_ocr:p2(1/1,+324chars)"
stage1_overcall(FP),q00897.01-0000258791,Q00897.01-0000258791.XLSX,0,Excel,standard,likely_non_responsive,likely_no,670,2,2,True,0,roster_by_rowcount bde_llm_count
stage1_overcall(FP),q00897.01-0000258991,Q00897.01-0000258991.PDF,0,PDF,standard,likely_non_responsive,likely_no,6,0,6,True,0,
stage1_overcall(FP),q00897.01-0000259090,Q00897.01-0000259090.PDF,0,PDF,standard,likely_non_responsive,likely_no,4,0,4,True,7,"img_ocr:p6,p6,p6,p6(4/7,+1037chars)"
stage1_overcall(FP),q00897.01-0000259105,Q00897.01-0000259105.PDF,0,PDF,standard,standard,clear_yes,14,6,14,True,0,bde_llm_count
stage1_overcall(FP),q00897.01-0000260190,Q00897.01-0000260190.PDF,0,PDF,standard,structured_bde,clear_yes,705,3,3,True,1,bde_llm_count
stage1_overcall(FP),q00897.01-0000260598,Q00897.01-0000260598.XLSX,0,Excel,structured_bde,likely_non_responsive,likely_no,360,1,1,True,0,roster_by_rowcount bde_llm_count_roster
stage1_overcall(FP),q00897.01-0000262227,Q00897.01-0000262227.PDF,0,PDF,standard,likely_non_responsive,likely_no,7,1,1,True,1,bde_llm_count
stage1_overcall(FP),q00897.01-0000262631,Q00897.01-0000262631.PDF,0,PDF,standard,likely_non_responsive,likely_no,122,0,122,True,0,bde_llm_count
stage1_overcall(FP),q00897.01-0000269474,Q00897.01-0000269474.PDF,0,PDF,standard,likely_non_responsive,likely_no,2,0,2,True,1,"img_ocr:p1(1/1,+17chars)"
stage1_overcall(FP),q00897.01-0000272673,Q00897.01-0000272673.PDF,0,PDF,standard,structured_bde,clear_yes,144,2,2,True,1,bde_llm_count
stage1_overcall(FP),q00897.01-0000274663,Q00897.01-0000274663.PDF,0,PDF,standard,standard,clear_yes,33,1,1,True,1,bde_llm_count
stage1_overcall(FP),q00897.01-0000275400,Q00897.01-0000275400.PDF,0,PDF,structured_bde,likely_non_responsive,likely_no,72,0,72,True,1,bde_llm_count_roster
stage1_overcall(FP),q00897.01-0000275923,Q00897.01-0000275923.PDF,0,PDF,standard,standard,likely_yes,47,6,6,True,1,bde_llm_count
stage1_overcall(FP),q00897.01-0000276408,Q00897.01-0000276408.PDF,0,PDF,standard,likely_non_responsive,clear_no,5,0,5,True,1,
stage1_overcall(FP),q00897.01-0000276564,Q00897.01-0000276564.MSG,0,Messages,standard,likely_non_responsive,likely_no,4,0,4,True,0,
stage1_overcall(FP),q00897.01-0000277143,Q00897.01-0000277143.PDF,0,PDF,standard,likely_non_responsive,likely_no,8,5,8,True,0,bde_llm_count
stage1_overcall(FP),q00897.01-0000277560,Q00897.01-0000277560.PDF,0,PDF,standard,likely_non_responsive,borderline,14,2,2,True,1,bde_llm_count
stage1_overcall(FP),q00897.01-0000278824,Q00897.01-0000278824.PDF,0,PDF,standard,standard,likely_yes,12,2,2,True,1,bde_llm_count
stage1_overcall(FP),q00897.01-0000279644,Q00897.01-0000279644.PDF,0,PDF,standard,likely_non_responsive,borderline,2,0,2,True,0,
stage1_overcall(FP),q00897.01-0000283398,Q00897.01-0000283398.PDF,0,PDF,standard,likely_non_responsive,likely_no,18,0,18,True,1,bde_llm_count
stage1_overcall(FP),q00897.01-0000283622,Q00897.01-0000283622.MSG,0,Messages,standard,standard,likely_yes,3,0,3,True,0,
stage1_overcall(FP),q00897.01-0000284140,Q00897.01-0000284140.PDF,0,PDF,standard,standard,clear_yes,9,1,1,True,1,bde_llm_count
stage1_overcall(FP),q00897.01-0000286509,Q00897.01-0000286509.PDF,0,PDF,standard,likely_non_responsive,likely_no,7,1,1,True,1,bde_llm_count
stage1_overcall(FP),q00897.01-0000288174,Q00897.01-0000288174.XLSX,0,Excel,structured_bde,likely_non_responsive,likely_no,65,65,65,True,0,roster_by_rowcount bde_llm_count_roster
stage1_overcall(FP),q00897.01-0000288730,Q00897.01-0000288730.XLSX,0,Excel,standard,structured_bde,likely_yes,77,0,77,True,0,roster_by_rowcount bde_llm_count
stage1_overcall(FP),q00897.01-0000290338,Q00897.01-0000290338.PDF,0,PDF,standard,likely_non_responsive,likely_no,2,0,2,True,1,"img_ocr:p1(1/1,+7chars)"
stage1_overcall(FP),q00897.01-0000291327,Q00897.01-0000291327.PDF,0,PDF,standard,likely_non_responsive,borderline,1,1,1,True,1,bde_llm_count
stage1_overcall(FP),q00897.01-0000292534,Q00897.01-0000292534.PDF,0,PDF,standard,likely_non_responsive,likely_no,1,0,1,True,0,
stage1_overcall(FP),q00897.01-0000292567,Q00897.01-0000292567.PDF,0,PDF,standard,standard,likely_yes,1,0,1,True,0,
stage1_overcall(FP),q00897.01-0000293251,Q00897.01-0000293251.PDF,0,PDF,standard,standard,clear_yes,4,0,4,True,2,"img_ocr:p1,p1(2/2,+35chars)"
stage1_overcall(FP),q00897.01-0000293310,Q00897.01-0000293310.PDF,0,PDF,standard,likely_non_responsive,likely_no,1,0,1,True,0,
stage1_overcall(FP),q00897.01-0000293375,Q00897.01-0000293375.PDF,0,PDF,standard,standard,likely_yes,1,0,1,True,0,
stage1_overcall(FP),q00897.01-0000294710,Q00897.01-0000294710.PDF,0,PDF,standard,likely_non_responsive,likely_no,1,0,1,True,0,
stage1_overcall(FP),q00897.01-0000294910,Q00897.01-0000294910.XLSX,0,Excel,standard,standard,likely_yes,7,7,7,True,0,bde_llm_count_roster
stage1_overcall(FP),q00897.01-0000295488,Q00897.01-0000295488.PDF,0,PDF,standard,likely_non_responsive,likely_no,1,0,1,True,0,
stage1_overcall(FP),q00897.01-0000295665,Q00897.01-0000295665.PDF,0,PDF,standard,standard,clear_yes,4,0,4,True,0,
stage1_overcall(FP),q00897.01-0000295703,Q00897.01-0000295703.PDF,0,PDF,standard,likely_non_responsive,likely_no,14,1,1,True,1,bde_llm_count
stage1_overcall(FP),q00897.01-0000307373,Q00897.01-0000307373.MSG,0,Messages,standard,likely_non_responsive,likely_no,1,0,1,True,0,
stage1_overcall(FP),q00897.01-0000307404,Q00897.01-0000307404.MSG,0,Messages,standard,likely_non_responsive,likely_no,8,6,8,True,0,bde_llm_count
stage1_overcall(FP),q00897.01-0000307615,Q00897.01-0000307615.PDF,0,PDF,standard,likely_non_responsive,likely_no,1,0,1,True,0,
stage1_overcall(FP),q00897.01-0000310452,Q00897.01-0000310452.XLSX,0,Excel,structured_bde,likely_non_responsive,clear_no,116,116,116,True,0,bde_llm_count_roster
stage1_overcall(FP),q00897.01-0000310554,Q00897.01-0000310554.XLSX,0,Excel,structured_bde,structured_bde,clear_yes,59,59,59,True,0,roster_by_rowcount bde_llm_count_roster
stage1_overcall(FP),q00897.01-0000321194,Q00897.01-0000321194.XML,0,Other,standard,likely_non_responsive,likely_no,1,0,1,True,0,
stage1_overcall(FP),q00897.01-0000324147,Q00897.01-0000324147.PDF,0,PDF,standard,standard,clear_yes,1,0,1,True,1,
stage1_overcall(FP),q00897.01-0000325130,Q00897.01-0000325130.PDF,0,PDF,standard,likely_non_responsive,clear_no,9,7,9,True,1,"img_ocr:p2(1/1,+176chars) bde_llm_count"
stage1_overcall(FP),q00897.01-0000326633,Q00897.01-0000326633.PDF,0,PDF,bde,likely_non_responsive,likely_no,50,51,51,True,0,bde_llm_count
stage1_overcall(FP),q00897.01-0000326757,Q00897.01-0000326757.PDF,0,PDF,standard,likely_non_responsive,likely_no,30,30,30,True,0,bde_llm_count
stage1_overcall(FP),q00897.01-0000327563,Q00897.01-0000327563.XLSX,0,Excel,structured_bde,likely_non_responsive,likely_no,2193,2193,2193,True,0,roster_by_rowcount bde_llm_count_roster
stage1_overcall(FP),q00897.01-0000330164,Q00897.01-0000330164.PDF,0,PDF,standard,likely_non_responsive,borderline,3,0,3,True,1,"img_ocr:p2(1/1,+229chars)"
stage1_overcall(FP),q00897.01-0000330550,Q00897.01-0000330550.PDF,0,PDF,standard,likely_non_responsive,likely_no,1,0,1,True,1,"img_ocr:p2(1/1,+333chars)"
stage1_overcall(FP),q00897.01-0000331246,Q00897.01-0000331246.PDF,0,PDF,standard,standard,likely_yes,2,0,2,True,1,"img_ocr:p3(1/1,+262chars)"
stage1_overcall(FP),q00897.01-0000331326,Q00897.01-0000331326.PDF,0,PDF,standard,likely_non_responsive,likely_no,2,0,2,True,1,"img_ocr:p2(1/1,+334chars)"
stage1_overcall(FP),q00897.01-0000331969,Q00897.01-0000331969.PDF,0,PDF,standard,likely_non_responsive,borderline,3,0,3,True,1,"img_ocr:p2(1/1,+324chars)"
stage1_overcall(FP),q00897.01-0000332162,Q00897.01-0000332162.PDF,0,PDF,standard,likely_non_responsive,likely_no,3,0,3,True,1,"img_ocr:p2(1/1,+302chars)"
stage1_overcall(FP),q00897.01-0000340114,Q00897.01-0000340114.XLSX,0,Excel,structured_bde,likely_non_responsive,clear_no,124,0,124,True,0,roster_by_rowcount bde_llm_count_roster
stage1_overcall(FP),q00897.01-0000340617,Q00897.01-0000340617.PDF,0,PDF,standard,likely_non_responsive,clear_no,11,5,11,True,1,"img_ocr:p1(1/1,+31chars) bde_llm_count"
stage1_overcall(FP),q00897.01-0000344233,Q00897.01-0000344233.PDF,0,PDF,standard,standard,clear_yes,1,0,1,True,0,
stage1_overcall(FP),q00897.01-0000344370,Q00897.01-0000344370.PDF,0,PDF,standard,likely_non_responsive,likely_no,1,0,1,True,0,
stage1_overcall(FP),q00897.01-0000344577,Q00897.01-0000344577.PDF,0,PDF,standard,standard,clear_yes,1,0,1,True,0,
stage1_overcall(FP),q00897.01-0000344590,Q00897.01-0000344590.PDF,0,PDF,standard,likely_non_responsive,likely_no,5,0,5,True,0,
stage1_overcall(FP),q00897.01-0000344615,Q00897.01-0000344615.PDF,0,PDF,standard,standard,likely_yes,1,0,1,True,0,
stage1_overcall(FP),q00897.01-0000344744,Q00897.01-0000344744.PDF,0,PDF,standard,likely_non_responsive,likely_no,5,0,5,True,4,"img_ocr:p2,p2,p2,p2(4/4,+4chars)"
stage1_overcall(FP),q00897.01-0000344991,Q00897.01-0000344991.PDF,0,PDF,standard,likely_non_responsive,likely_no,1,0,1,True,0,
stage1_overcall(FP),q00897.01-0000345007,Q00897.01-0000345007.PDF,0,PDF,standard,likely_non_responsive,clear_no,5,0,5,True,0,
stage1_overcall(FP),q00897.01-0000345752,Q00897.01-0000345752.PDF,0,PDF,standard,standard,clear_yes,1,0,1,True,0,
stage1_overcall(FP),q00897.01-0000345766,Q00897.01-0000345766.PDF,0,PDF,standard,standard,clear_yes,2,0,2,True,0,
stage1_overcall(FP),q00897.01-0000345845,Q00897.01-0000345845.PDF,0,PDF,standard,standard,clear_yes,1,0,1,True,0,
stage1_overcall(FP),q00897.01-0000346036,Q00897.01-0000346036.PDF,0,PDF,standard,standard,likely_yes,1,0,1,True,0,
stage1_overcall(FP),q00897.01-0000346250,Q00897.01-0000346250.PDF,0,PDF,standard,standard,clear_yes,1,0,1,True,0,
stage1_overcall(FP),q00897.01-0000347167,Q00897.01-0000347167.PDF,0,PDF,standard,likely_non_responsive,borderline,1,0,1,True,0,
stage1_overcall(FP),q00897.01-0000359772,Q00897.01-0000359772.MSG,0,Messages,standard,likely_non_responsive,borderline,6,0,6,True,0,
stage1_overcall(FP),q00897.01-0000363983,Q00897.01-0000363983.MSG,0,Messages,standard,likely_non_responsive,likely_no,1,0,1,True,0,
stage1_overcall(FP),q00897.01-0000367948,Q00897.01-0000367948.MSG,0,Messages,standard,likely_non_responsive,borderline,3,0,3,True,0,
stage1_overcall(FP),q00897.01-0000369631,Q00897.01-0000369631.MSG,0,Messages,standard,likely_non_responsive,likely_no,1,0,1,True,0,
stage1_overcall(FP),q00897.01-0000372805,Q00897.01-0000372805.MSG,0,Messages,standard,likely_non_responsive,clear_no,19,0,19,True,0,bde_llm_count
stage1_overcall(FP),q00897.01-0000373122,Q00897.01-0000373122.MSG,0,Messages,standard,likely_non_responsive,likely_no,3,0,3,True,0,
stage1_overcall(FP),q00897.01-0000374439,Q00897.01-0000374439.MSG,0,Messages,standard,likely_non_responsive,borderline,2,0,2,True,0,
stage1_overcall(FP),q00897.01-0000375655,Q00897.01-0000375655.MSG,0,Messages,standard,likely_non_responsive,borderline,1,0,1,True,0,
stage1_overcall(FP),q00897.01-0000386791,Q00897.01-0000386791.MSG,0,Messages,standard,likely_non_responsive,borderline,2,0,2,True,0,
stage1_overcall(FP),q00897.01-0000389716,Q00897.01-0000389716.MSG,0,Messages,standard,likely_non_responsive,likely_no,2,0,2,True,0,
stage1_overcall(FP),q00897.01-0000390053,Q00897.01-0000390053.MSG,0,Messages,standard,likely_non_responsive,borderline,2,0,2,True,0,
stage1_overcall(FP),q00897.01-0000391216,Q00897.01-0000391216.MSG,0,Messages,standard,likely_non_responsive,likely_no,1,0,1,True,0,
stage1_overcall(FP),q00897.01-0000391554,Q00897.01-0000391554.MSG,0,Messages,standard,likely_non_responsive,clear_no,1,0,1,True,0,
stage1_overcall(FP),q00897.01-0000391618,Q00897.01-0000391618.MSG,0,Messages,standard,likely_non_responsive,clear_no,1,0,1,True,0,
stage1_overcall(FP),q00897.01-0000394574,Q00897.01-0000394574.MSG,0,Messages,standard,likely_non_responsive,borderline,2,0,2,True,0,
stage1_overcall(FP),q00897.01-0000394698,Q00897.01-0000394698.MSG,0,Messages,standard,likely_non_responsive,borderline,6,0,6,True,0,
stage1_overcall(FP),q00897.01-0000397126,Q00897.01-0000397126.MSG,0,Messages,standard,likely_non_responsive,likely_no,7,4,7,True,0,bde_llm_count
stage1_overcall(FP),q00897.01-0000397749,Q00897.01-0000397749.MSG,0,Messages,standard,likely_non_responsive,likely_no,8,8,8,True,0,bde_llm_count
stage1_overcall(FP),q00897.01-0000399406,Q00897.01-0000399406.MSG,0,Messages,standard,standard,likely_yes,1,0,1,True,0,
stage1_overcall(FP),q00897.01-0000399666,Q00897.01-0000399666.MSG,0,Messages,standard,likely_non_responsive,likely_no,7,5,7,True,0,bde_llm_count
stage1_overcall(FP),q00897.01-0000400507,Q00897.01-0000400507.MSG,0,Messages,standard,likely_non_responsive,likely_no,5,0,5,True,0,
stage1_overcall(FP),q00897.01-0000401737,Q00897.01-0000401737.MSG,0,Messages,standard,standard,clear_yes,3,0,3,True,0,
stage1_overcall(FP),q00897.01-0000403826,Q00897.01-0000403826.MSG,0,Messages,standard,likely_non_responsive,likely_no,11,4,11,True,0,bde_llm_count
stage1_overcall(FP),q00897.01-0000407149,Q00897.01-0000407149.MSG,0,Messages,standard,standard,clear_yes,7,3,7,True,0,bde_llm_count
stage1_overcall(FP),q00897.01-0000407435,Q00897.01-0000407435.MSG,0,Messages,standard,likely_non_responsive,likely_no,4,0,4,True,0,
stage1_overcall(FP),q00897.01-0000411178,Q00897.01-0000411178.MSG,0,Messages,standard,likely_non_responsive,likely_no,2,0,2,True,0,
stage1_overcall(FP),q00897.01-0000415326,Q00897.01-0000415326.MSG,0,Messages,standard,likely_non_responsive,likely_no,2,0,2,True,0,
stage1_overcall(FP),q00897.01-0000416474,Q00897.01-0000416474.MSG,0,Messages,standard,likely_non_responsive,likely_no,1,0,1,True,0,
stage1_overcall(FP),q00897.01-0000418727,Q00897.01-0000418727.MSG,0,Messages,standard,likely_non_responsive,likely_no,5,0,5,True,0,
stage1_overcall(FP),q00897.01-0000421682,Q00897.01-0000421682.MSG,0,Messages,standard,likely_non_responsive,likely_no,3,0,3,True,0,
stage1_overcall(FP),q00897.01-0000424208,Q00897.01-0000424208.MSG,0,Messages,standard,likely_non_responsive,likely_no,2,0,2,True,0,
stage1_overcall(FP),q00897.01-0000425832,Q00897.01-0000425832.MSG,0,Messages,standard,likely_non_responsive,likely_no,3,0,3,True,0,
stage1_overcall(FP),q00897.01-0000426759,Q00897.01-0000426759.MSG,0,Messages,standard,likely_non_responsive,likely_no,1,0,1,True,0,
stage1_overcall(FP),q00897.01-0000427736,Q00897.01-0000427736.MSG,0,Messages,standard,likely_non_responsive,likely_no,2,0,2,True,0,
stage1_overcall(FP),q00897.01-0000429941,Q00897.01-0000429941.MSG,0,Messages,standard,likely_non_responsive,likely_no,3,0,3,True,0,
stage1_overcall(FP),q00897.01-0000431571,Q00897.01-0000431571.MSG,0,Messages,standard,likely_non_responsive,likely_no,2,0,2,True,0,
stage1_overcall(FP),q00897.01-0000434471,Q00897.01-0000434471.MSG,0,Messages,standard,likely_non_responsive,likely_no,7,4,7,True,0,bde_llm_count
stage1_overcall(FP),q00897.01-0000436185,Q00897.01-0000436185.MSG,0,Messages,standard,likely_non_responsive,likely_no,4,0,4,True,0,
stage1_overcall(FP),q00897.01-0000436206,Q00897.01-0000436206.MSG,0,Messages,standard,likely_non_responsive,likely_no,10,6,10,True,0,bde_llm_count
stage1_overcall(FP),q00897.01-0000438618,Q00897.01-0000438618.MSG,0,Messages,standard,likely_non_responsive,likely_no,2,0,2,True,0,
stage1_overcall(FP),q00897.01-0000438807,Q00897.01-0000438807.MSG,0,Messages,standard,likely_non_responsive,likely_no,14,9,14,True,0,bde_llm_count
stage1_overcall(FP),q00897.01-0000441136,Q00897.01-0000441136.MSG,0,Messages,standard,likely_non_responsive,clear_no,2,0,2,True,0,
stage1_overcall(FP),q00897.01-0000441703,Q00897.01-0000441703.MSG,0,Messages,standard,likely_non_responsive,borderline,2,0,2,True,0,
stage1_overcall(FP),q00897.01-0000441776,Q00897.01-0000441776.MSG,0,Messages,standard,likely_non_responsive,likely_no,2,0,2,True,0,
stage1_overcall(FP),q00897.01-0000442690,Q00897.01-0000442690.MSG,0,Messages,standard,likely_non_responsive,likely_no,1,0,1,True,0,
stage1_overcall(FP),q00897.01-0000447437,Q00897.01-0000447437.MSG,0,Messages,standard,likely_non_responsive,likely_no,1,0,1,True,0,
stage1_overcall(FP),q00897.01-0000447928,Q00897.01-0000447928.MSG,0,Messages,standard,likely_non_responsive,likely_no,2,0,2,True,0,
stage1_overcall(FP),q00897.01-0000449427,Q00897.01-0000449427.MSG,0,Messages,standard,standard,likely_yes,2,0,2,True,0,
stage1_overcall(FP),q00897.01-0000450318,Q00897.01-0000450318.MSG,0,Messages,standard,standard,likely_yes,4,0,4,True,0,
stage1_overcall(FP),q00897.01-0000452737,Q00897.01-0000452737.MSG,0,Messages,standard,likely_non_responsive,likely_no,2,0,2,True,0,
stage1_overcall(FP),q00897.01-0000453323,Q00897.01-0000453323.MSG,0,Messages,standard,standard,likely_yes,2,0,2,True,0,
stage1_overcall(FP),q00897.01-0000456825,Q00897.01-0000456825.MSG,0,Messages,standard,likely_non_responsive,likely_no,2,0,2,True,0,
stage1_overcall(FP),q00897.01-0000457525,Q00897.01-0000457525.MSG,0,Messages,standard,likely_non_responsive,borderline,2,0,2,True,0,
stage1_overcall(FP),q00897.01-0000459088,Q00897.01-0000459088.MSG,0,Messages,standard,standard,likely_yes,5,0,5,True,0,
stage1_overcall(FP),q00897.01-0000467112,Q00897.01-0000467112.MSG,0,Messages,standard,likely_non_responsive,likely_no,3,0,3,True,0,
stage1_overcall(FP),q00897.01-0000467447,Q00897.01-0000467447.MSG,0,Messages,standard,likely_non_responsive,likely_no,9,9,9,True,0,bde_llm_count
stage1_overcall(FP),q00897.01-0000473445,Q00897.01-0000473445.MSG,0,Messages,standard,likely_non_responsive,likely_no,4,0,4,True,0,
stage1_overcall(FP),q00897.01-0000474285,Q00897.01-0000474285.MSG,0,Messages,standard,standard,likely_yes,3,0,3,True,0,
stage1_overcall(FP),q00897.01-0000479726,Q00897.01-0000479726.MSG,0,Messages,standard,standard,likely_yes,3,0,3,True,0,
stage1_overcall(FP),q00897.01-0000480396,Q00897.01-0000480396.MSG,0,Messages,standard,likely_non_responsive,clear_no,2,0,2,True,0,
stage1_overcall(FP),q00897.01-0000481270,Q00897.01-0000481270.MSG,0,Messages,standard,standard,likely_yes,7,7,7,True,0,bde_llm_count
stage1_overcall(FP),q00897.01-0000484194,Q00897.01-0000484194.MSG,0,Messages,standard,likely_non_responsive,likely_no,7,3,7,True,0,bde_llm_count
stage1_overcall(FP),q00897.01-0000485135,Q00897.01-0000485135.MSG,0,Messages,standard,likely_non_responsive,borderline,5,0,5,True,0,
stage1_overcall(FP),q00897.01-0000485493,Q00897.01-0000485493.MSG,0,Messages,standard,likely_non_responsive,likely_no,3,0,3,True,0,
stage1_overcall(FP),q00897.01-0000485743,Q00897.01-0000485743.MSG,0,Messages,standard,standard,,18,10,18,True,0,bde_llm_count
stage1_overcall(FP),q00897.01-0000500480,Q00897.01-0000500480.MSG,0,Messages,standard,likely_non_responsive,likely_no,7,6,7,True,0,bde_llm_count
stage1_overcall(FP),q00897.01-0000515679,Q00897.01-0000515679.MSG,0,Messages,standard,likely_non_responsive,clear_no,8,7,8,True,0,bde_llm_count
stage1_overcall(FP),q00897.01-0000521617,Q00897.01-0000521617.MSG,0,Messages,standard,likely_non_responsive,borderline,1,0,1,True,0,
stage1_overcall(FP),q00897.01-0000538231,Q00897.01-0000538231.MSG,0,Messages,standard,likely_non_responsive,likely_no,7,7,7,True,0,bde_llm_count
stage1_overcall(FP),q00897.01-0000546624,Q00897.01-0000546624.MSG,0,Messages,standard,likely_non_responsive,clear_no,3,0,3,True,0,
stage1_overcall(FP),q00897.01-0000546771,Q00897.01-0000546771.MSG,0,Messages,standard,likely_non_responsive,likely_no,7,6,7,True,0,bde_llm_count
stage1_overcall(FP),q00897.01-0000546776,Q00897.01-0000546776.MSG,0,Messages,standard,likely_non_responsive,likely_no,7,6,7,True,0,bde_llm_count
stage1_overcall(FP),q00897.01-0000563444,Q00897.01-0000563444.MSG,0,Messages,standard,likely_non_responsive,borderline,1,0,1,True,0,
stage1_overcall(FP),q00897.01-0000572001,Q00897.01-0000572001.MSG,0,Messages,standard,likely_non_responsive,borderline,1,0,1,True,0,
stage1_overcall(FP),q00897.01-0000601581,Q00897.01-0000601581.MSG,0,Messages,standard,likely_non_responsive,likely_no,7,7,7,True,0,bde_llm_count
stage1_overcall(FP),q00897.01-0000611867,Q00897.01-0000611867.MSG,0,Messages,standard,likely_non_responsive,clear_no,1,0,1,True,0,
stage1_overcall(FP),q00897.01-0000613170,Q00897.01-0000613170.MSG,0,Messages,standard,likely_non_responsive,likely_no,20,4,20,True,0,bde_llm_count
stage1_overcall(FP),q00897.01-0000613390,Q00897.01-0000613390.MSG,0,Messages,standard,standard,clear_yes,4,0,4,True,0,
stage1_overcall(FP),q00897.01-0000614733,Q00897.01-0000614733.MSG,0,Messages,standard,likely_non_responsive,likely_no,11,6,11,True,0,bde_llm_count
stage1_overcall(FP),q00897.01-0000616029,Q00897.01-0000616029.MSG,0,Messages,standard,likely_non_responsive,likely_no,3,0,3,True,0,
stage1_overcall(FP),q00897.01-0000616148,Q00897.01-0000616148.MSG,0,Messages,standard,standard,clear_yes,7,5,7,True,0,bde_llm_count
stage1_overcall(FP),q00897.01-0000616747,Q00897.01-0000616747.MSG,0,Messages,standard,likely_non_responsive,likely_no,6,0,6,True,0,
stage1_overcall(FP),q00897.01-0000617070,Q00897.01-0000617070.MSG,0,Messages,standard,likely_non_responsive,likely_no,7,2,7,True,0,bde_llm_count
stage1_overcall(FP),q00897.01-0000617703,Q00897.01-0000617703.MSG,0,Messages,standard,likely_non_responsive,likely_no,8,7,8,True,0,bde_llm_count
stage1_overcall(FP),q00897.01-0000620052,Q00897.01-0000620052.MSG,0,Messages,standard,likely_non_responsive,likely_no,10,6,10,True,0,bde_llm_count
stage1_overcall(FP),q00897.01-0000621015,Q00897.01-0000621015.MSG,0,Messages,standard,likely_non_responsive,likely_no,12,6,12,True,0,bde_llm_count
stage1_overcall(FP),q00897.01-0000624863,Q00897.01-0000624863.MSG,0,Messages,standard,likely_non_responsive,likely_no,2,0,2,True,0,
stage1_overcall(FP),q00897.01-0000625365,Q00897.01-0000625365.MSG,0,Messages,standard,standard,likely_yes,6,0,6,True,0,
stage1_overcall(FP),q00897.01-0000625864,Q00897.01-0000625864.MSG,0,Messages,standard,likely_non_responsive,likely_no,8,6,8,True,0,bde_llm_count
stage1_overcall(FP),q00897.01-0000628442,Q00897.01-0000628442.MSG,0,Messages,standard,standard,likely_yes,15,15,15,True,0,bde_llm_count
stage1_overcall(FP),q00897.01-0000629836,Q00897.01-0000629836.MSG,0,Messages,standard,likely_non_responsive,likely_no,4,0,4,True,0,
stage1_overcall(FP),q00897.01-0000630188,Q00897.01-0000630188.MSG,0,Messages,standard,likely_non_responsive,borderline,3,0,3,True,0,
stage1_overcall(FP),q00897.01-0000632163,Q00897.01-0000632163.MSG,0,Messages,standard,likely_non_responsive,likely_no,5,0,5,True,0,
stage1_overcall(FP),q00897.01-0000636298,Q00897.01-0000636298.MSG,0,Messages,standard,likely_non_responsive,likely_no,18,18,18,True,0,bde_llm_count
stage1_overcall(FP),q00897.01-0000646959,Q00897.01-0000646959.MSG,0,Messages,standard,standard,likely_yes,1,0,1,True,0,
stage1_overcall(FP),q00897.01-0000652068,Q00897.01-0000652068.MSG,0,Messages,standard,likely_non_responsive,likely_no,11,11,11,True,0,bde_llm_count
stage1_overcall(FP),q00897.01-0000652467,Q00897.01-0000652467.MSG,0,Messages,standard,likely_non_responsive,clear_no,4,0,4,True,0,
stage1_overcall(FP),q00897.01-0000654447,Q00897.01-0000654447.MSG,0,Messages,standard,likely_non_responsive,likely_no,4,0,4,True,0,
stage1_overcall(FP),q00897.01-0000654458,Q00897.01-0000654458.MSG,0,Messages,standard,likely_non_responsive,likely_no,5,0,5,True,0,
stage1_overcall(FP),q00897.01-0000654513,Q00897.01-0000654513.MSG,0,Messages,standard,likely_non_responsive,clear_no,2,0,2,True,0,
stage1_overcall(FP),q00897.01-0000654521,Q00897.01-0000654521.MSG,0,Messages,standard,likely_non_responsive,likely_no,7,6,7,True,0,bde_llm_count
stage1_overcall(FP),q00897.01-0000654825,Q00897.01-0000654825.MSG,0,Messages,standard,likely_non_responsive,likely_no,4,0,4,True,0,
stage1_overcall(FP),q00897.01-0000654922,Q00897.01-0000654922.MSG,0,Messages,standard,likely_non_responsive,likely_no,3,0,3,True,0,
stage1_overcall(FP),q00897.01-0000654941,Q00897.01-0000654941.MSG,0,Messages,standard,likely_non_responsive,borderline,2,0,2,True,0,
stage1_overcall(FP),q00897.01-0000655426,Q00897.01-0000655426.MSG,0,Messages,standard,likely_non_responsive,likely_no,10,6,10,True,0,bde_llm_count
stage1_overcall(FP),q00897.01-0000656035,Q00897.01-0000656035.MSG,0,Messages,standard,standard,likely_yes,5,0,5,True,0,
stage1_overcall(FP),q00897.01-0000656424,Q00897.01-0000656424.MSG,0,Messages,standard,likely_non_responsive,likely_no,5,0,5,True,0,
stage1_overcall(FP),q00897.01-0000656546,Q00897.01-0000656546.MSG,0,Messages,standard,likely_non_responsive,clear_no,10,5,10,True,0,bde_llm_count
stage1_overcall(FP),q00897.01-0000657435,Q00897.01-0000657435.MSG,0,Messages,standard,likely_non_responsive,likely_no,8,7,8,True,0,bde_llm_count
stage1_overcall(FP),q00897.01-0000658827,Q00897.01-0000658827.MSG,0,Messages,standard,likely_non_responsive,likely_no,8,8,8,True,0,bde_llm_count
stage1_overcall(FP),q00897.01-0000659018,Q00897.01-0000659018.MSG,0,Messages,standard,likely_non_responsive,clear_no,2,0,2,True,0,
stage1_overcall(FP),q00897.01-0000659233,Q00897.01-0000659233.MSG,0,Messages,standard,likely_non_responsive,likely_no,4,0,4,True,0,
stage1_overcall(FP),q00897.01-0000659797,Q00897.01-0000659797.MSG,0,Messages,standard,likely_non_responsive,likely_no,2,0,2,True,0,
stage1_overcall(FP),q00897.01-0000661697,Q00897.01-0000661697.MSG,0,Messages,standard,likely_non_responsive,clear_no,6,0,6,True,0,
stage1_overcall(FP),q00897.01-0000662024,Q00897.01-0000662024.MSG,0,Messages,standard,likely_non_responsive,borderline,10,7,10,True,0,bde_llm_count
stage1_overcall(FP),q00897.01-0000662842,Q00897.01-0000662842.MSG,0,Messages,standard,likely_non_responsive,likely_no,10,6,10,True,0,bde_llm_count
stage1_overcall(FP),q00897.01-0000662922,Q00897.01-0000662922.MSG,0,Messages,standard,likely_non_responsive,likely_no,10,10,10,True,0,bde_llm_count
stage1_overcall(FP),q00897.01-0000662989,Q00897.01-0000662989.MSG,0,Messages,standard,likely_non_responsive,borderline,6,0,6,True,0,
stage1_overcall(FP),q00897.01-0000663099,Q00897.01-0000663099.MSG,0,Messages,standard,likely_non_responsive,likely_no,4,0,4,True,0,
stage1_overcall(FP),q00897.01-0000663426,Q00897.01-0000663426.MSG,0,Messages,standard,likely_non_responsive,likely_no,6,0,6,True,0,
stage1_overcall(FP),q00897.01-0000665441,Q00897.01-0000665441.MSG,0,Messages,standard,likely_non_responsive,likely_no,5,0,5,True,0,
stage1_overcall(FP),q00897.01-0000670443,Q00897.01-0000670443.MSG,0,Messages,standard,likely_non_responsive,likely_no,5,0,5,True,0,
stage1_overcall(FP),q00897.01-0000675499,Q00897.01-0000675499.MSG,0,Messages,standard,likely_non_responsive,likely_no,8,5,8,True,0,bde_llm_count
stage1_overcall(FP),q00897.01-0000675605,Q00897.01-0000675605.MSG,0,Messages,standard,likely_non_responsive,likely_no,2,0,2,True,0,
stage1_overcall(FP),q00897.01-0000676340,Q00897.01-0000676340.MSG,0,Messages,standard,likely_non_responsive,likely_no,7,4,7,True,0,bde_llm_count
stage1_overcall(FP),q00897.01-0000679637,Q00897.01-0000679637.MSG,0,Messages,standard,likely_non_responsive,likely_no,5,0,5,True,0,
stage1_overcall(FP),q00897.01-0000680247,Q00897.01-0000680247.MSG,0,Messages,standard,likely_non_responsive,clear_no,9,7,9,True,0,bde_llm_count
stage1_overcall(FP),q00897.01-0000685126,Q00897.01-0000685126.MSG,0,Messages,standard,likely_non_responsive,likely_no,12,14,14,True,0,bde_llm_count
stage1_overcall(FP),q00897.01-0000685486,Q00897.01-0000685486.MSG,0,Messages,standard,likely_non_responsive,likely_no,3,0,3,True,0,
stage1_overcall(FP),q00897.01-0000685739,Q00897.01-0000685739.MSG,0,Messages,standard,likely_non_responsive,borderline,1,0,1,True,0,
stage1_overcall(FP),q00897.01-0000686257,Q00897.01-0000686257.MSG,0,Messages,standard,standard,clear_yes,4,0,4,True,0,
stage1_overcall(FP),q00897.01-0000686529,Q00897.01-0000686529.MSG,0,Messages,standard,likely_non_responsive,borderline,1,0,1,True,0,
stage1_overcall(FP),q00897.01-0000686839,Q00897.01-0000686839.MSG,0,Messages,standard,likely_non_responsive,likely_no,8,5,8,True,0,bde_llm_count
stage1_overcall(FP),q00897.01-0000689216,Q00897.01-0000689216.MSG,0,Messages,standard,standard,clear_yes,1,0,1,True,0,
stage1_overcall(FP),q00897.01-0000690269,Q00897.01-0000690269.MSG,0,Messages,standard,likely_non_responsive,borderline,1,0,1,True,0,
stage1_overcall(FP),q00897.01-0000691506,Q00897.01-0000691506.MSG,0,Messages,standard,likely_non_responsive,clear_no,26,18,26,True,0,bde_llm_count_roster
stage1_overcall(FP),q00897.01-0000692175,Q00897.01-0000692175.MSG,0,Messages,standard,likely_non_responsive,likely_no,2,0,2,True,0,
stage1_overcall(FP),q00897.01-0000693412,Q00897.01-0000693412.MSG,0,Messages,standard,likely_non_responsive,borderline,1,0,1,True,0,
stage1_overcall(FP),q00897.01-0000693652,Q00897.01-0000693652.MSG,0,Messages,standard,standard,likely_yes,15,15,15,True,0,bde_llm_count
stage1_overcall(FP),q00897.01-0000694757,Q00897.01-0000694757.MSG,0,Messages,standard,likely_non_responsive,likely_no,7,6,7,True,0,bde_llm_count
stage1_overcall(FP),q00897.01-0000696873,Q00897.01-0000696873.MSG,0,Messages,standard,standard,clear_yes,1,0,1,True,0,
stage1_overcall(FP),q00897.01-0000697244,Q00897.01-0000697244.MSG,0,Messages,standard,likely_non_responsive,borderline,1,0,1,True,0,
stage1_overcall(FP),q00897.01-0000701112,Q00897.01-0000701112.MSG,0,Messages,standard,likely_non_responsive,likely_no,3,0,3,True,0,
stage1_overcall(FP),q00897.01-0000702033,Q00897.01-0000702033.MSG,0,Messages,standard,standard,clear_yes,1,0,1,True,0,
stage1_overcall(FP),q00897.01-0000702102,Q00897.01-0000702102.MSG,0,Messages,standard,standard,likely_yes,2,0,2,True,0,
stage1_overcall(FP),q00897.01-0000705351,Q00897.01-0000705351.MSG,0,Messages,standard,standard,clear_yes,1,0,1,True,0,
stage1_overcall(FP),q00897.01-0000707044,Q00897.01-0000707044.MSG,0,Messages,standard,likely_non_responsive,borderline,1,0,1,True,0,
stage1_overcall(FP),q00897.01-0000707082,Q00897.01-0000707082.MSG,0,Messages,standard,likely_non_responsive,borderline,1,0,1,True,0,
stage1_overcall(FP),q00897.01-0000709782,Q00897.01-0000709782.MSG,0,Messages,standard,likely_non_responsive,likely_no,2,0,2,True,0,
stage1_overcall(FP),q00897.01-0000711065,Q00897.01-0000711065.MSG,0,Messages,standard,likely_non_responsive,clear_no,12,12,12,True,0,bde_llm_count
stage1_overcall(FP),q00897.01-0000711655,Q00897.01-0000711655.MSG,0,Messages,standard,likely_non_responsive,clear_no,2,0,2,True,0,
stage1_overcall(FP),q00897.01-0000722887,Q00897.01-0000722887.MSG,0,Messages,standard,likely_non_responsive,borderline,5,0,5,True,0,
stage1_overcall(FP),q00897.01-0000723476,Q00897.01-0000723476.MSG,0,Messages,standard,likely_non_responsive,likely_no,3,0,3,True,0,
stage1_overcall(FP),q00897.01-0000733091,Q00897.01-0000733091.MSG,0,Messages,standard,standard,likely_yes,5,0,5,True,0,
stage1_overcall(FP),q00897.01-0000735170,Q00897.01-0000735170.MSG,0,Messages,standard,standard,likely_yes,9,5,9,True,0,bde_llm_count
stage1_overcall(FP),q00897.01-0000737563,Q00897.01-0000737563.MSG,0,Messages,standard,likely_non_responsive,likely_no,6,0,6,True,0,
stage1_overcall(FP),q00897.01-0000740500,Q00897.01-0000740500.MSG,0,Messages,standard,standard,likely_yes,6,0,6,True,0,
stage1_overcall(FP),q00897.01-0000742437,Q00897.01-0000742437.MSG,0,Messages,standard,likely_non_responsive,borderline,3,0,3,True,0,
stage1_overcall(FP),q00897.01-0000746229,Q00897.01-0000746229.MSG,0,Messages,standard,standard,clear_yes,2,0,2,True,0,
stage1_overcall(FP),q00897.01-0000747316,Q00897.01-0000747316.MSG,0,Messages,standard,likely_non_responsive,likely_no,2,0,2,True,0,
stage1_overcall(FP),q00897.01-0000750260,Q00897.01-0000750260.MSG,0,Messages,standard,likely_non_responsive,clear_no,24,0,24,True,0,bde_llm_count
stage1_overcall(FP),q00897.01-0000755903,Q00897.01-0000755903.MSG,0,Messages,standard,standard,clear_yes,16,16,16,True,0,bde_llm_count
stage1_overcall(FP),q00897.01-0000757041,Q00897.01-0000757041.MSG,0,Messages,standard,standard,likely_yes,5,0,5,True,0,
stage1_overcall(FP),q00897.01-0000759573,Q00897.01-0000759573.MSG,0,Messages,standard,likely_non_responsive,likely_no,7,6,7,True,0,bde_llm_count
stage1_overcall(FP),q00897.01-0000761973,Q00897.01-0000761973.MSG,0,Messages,bde,bde,clear_yes,98,98,98,True,0,bde_llm_count_roster
stage1_overcall(FP),q00897.01-0000764859,Q00897.01-0000764859.MSG,0,Messages,standard,likely_non_responsive,likely_no,5,0,5,True,0,
stage1_overcall(FP),q00897.01-0000766063,Q00897.01-0000766063.MSG,0,Messages,standard,likely_non_responsive,borderline,1,0,1,True,0,
stage1_overcall(FP),q00897.01-0000766372,Q00897.01-0000766372.MSG,0,Messages,standard,likely_non_responsive,likely_no,3,0,3,True,0,
stage1_overcall(FP),q00897.01-0000767219,Q00897.01-0000767219.MSG,0,Messages,standard,likely_non_responsive,likely_no,4,0,4,True,0,
stage1_overcall(FP),q00897.01-0000768966,Q00897.01-0000768966.MSG,0,Messages,standard,likely_non_responsive,likely_no,13,7,13,True,0,bde_llm_count
stage1_overcall(FP),q00897.01-0000771245,Q00897.01-0000771245.MSG,0,Messages,standard,likely_non_responsive,borderline,16,6,16,True,0,bde_llm_count
stage1_overcall(FP),q00897.01-0000771938,Q00897.01-0000771938.MSG,0,Messages,standard,standard,likely_yes,6,0,6,True,0,
stage1_overcall(FP),q00897.01-0000773686,Q00897.01-0000773686.MSG,0,Messages,standard,likely_non_responsive,likely_no,7,7,7,True,0,bde_llm_count
stage1_overcall(FP),q00897.01-0000774196,Q00897.01-0000774196.MSG,0,Messages,standard,likely_non_responsive,likely_no,8,7,8,True,0,bde_llm_count
stage1_overcall(FP),q00897.01-0000774390,Q00897.01-0000774390.MSG,0,Messages,standard,likely_non_responsive,likely_no,4,0,4,True,0,
stage1_overcall(FP),q00897.01-0000774937,Q00897.01-0000774937.MSG,0,Messages,standard,likely_non_responsive,likely_no,7,6,7,True,0,bde_llm_count
stage1_overcall(FP),q00897.01-0000776490,Q00897.01-0000776490.MSG,0,Messages,standard,standard,likely_yes,3,0,3,True,0,
stage1_overcall(FP),q00897.01-0000778527,Q00897.01-0000778527.MSG,0,Messages,standard,likely_non_responsive,likely_no,6,0,6,True,0,
stage1_overcall(FP),q00897.01-0000778570,Q00897.01-0000778570.MSG,0,Messages,standard,likely_non_responsive,borderline,3,0,3,True,0,
stage1_overcall(FP),q00897.01-0000786468,Q00897.01-0000786468.MSG,0,Messages,standard,likely_non_responsive,borderline,5,0,5,True,0,
stage1_overcall(FP),q00897.01-0000786819,Q00897.01-0000786819.MSG,0,Messages,standard,likely_non_responsive,likely_no,3,0,3,True,0,
stage1_overcall(FP),q00897.01-0000788842,Q00897.01-0000788842.MSG,0,Messages,standard,likely_non_responsive,likely_no,8,5,8,True,0,bde_llm_count
stage1_overcall(FP),q00897.01-0000788843,Q00897.01-0000788843.MSG,0,Messages,standard,likely_non_responsive,likely_no,5,0,5,True,0,
stage1_overcall(FP),q00897.01-0000790745,Q00897.01-0000790745.MSG,0,Messages,standard,likely_non_responsive,likely_no,5,0,5,True,0,
stage1_overcall(FP),q00897.01-0000796214,Q00897.01-0000796214.MSG,0,Messages,standard,likely_non_responsive,likely_no,3,0,3,True,0,
stage1_overcall(FP),q00897.01-0000796638,Q00897.01-0000796638.MSG,0,Messages,standard,standard,likely_yes,9,4,9,True,0,bde_llm_count
stage1_overcall(FP),q00897.01-0000796941,Q00897.01-0000796941.MSG,0,Messages,standard,likely_non_responsive,likely_no,8,3,8,True,0,bde_llm_count
stage1_overcall(FP),q00897.01-0000798079,Q00897.01-0000798079.MSG,0,Messages,standard,likely_non_responsive,likely_no,4,0,4,True,0,
stage1_overcall(FP),q00897.01-0000799559,Q00897.01-0000799559.MSG,0,Messages,standard,standard,likely_yes,5,0,5,True,0,
stage1_overcall(FP),q00897.01-0000804050,Q00897.01-0000804050.MSG,0,Messages,standard,standard,likely_yes,3,0,3,True,0,
stage1_overcall(FP),q00897.01-0000805941,Q00897.01-0000805941.MSG,0,Messages,standard,likely_non_responsive,likely_no,8,6,8,True,0,bde_llm_count
stage1_overcall(FP),q00897.01-0000806736,Q00897.01-0000806736.MSG,0,Messages,standard,likely_non_responsive,likely_no,4,0,4,True,0,
stage1_overcall(FP),q00897.01-0000807201,Q00897.01-0000807201.MSG,0,Messages,standard,likely_non_responsive,clear_no,7,6,7,True,0,bde_llm_count
stage1_overcall(FP),q00897.01-0000807788,Q00897.01-0000807788.MSG,0,Messages,standard,likely_non_responsive,clear_no,4,0,4,True,0,
stage1_overcall(FP),q00897.01-0000811549,Q00897.01-0000811549.MSG,0,Messages,standard,likely_non_responsive,likely_no,3,0,3,True,0,
stage1_overcall(FP),q00897.01-0000812480,Q00897.01-0000812480.MSG,0,Messages,standard,likely_non_responsive,likely_no,4,0,4,True,0,
stage1_overcall(FP),q00897.01-0000813662,Q00897.01-0000813662.MSG,0,Messages,standard,standard,likely_yes,10,6,10,True,0,bde_llm_count
stage1_overcall(FP),q00897.01-0000814191,Q00897.01-0000814191.MSG,0,Messages,standard,likely_non_responsive,clear_no,5,0,5,True,0,
stage1_overcall(FP),q00897.01-0000816389,Q00897.01-0000816389.MSG,0,Messages,standard,likely_non_responsive,likely_no,8,6,8,True,0,bde_llm_count
stage1_overcall(FP),q00897.01-0000816840,Q00897.01-0000816840.MSG,0,Messages,standard,likely_non_responsive,likely_no,2,0,2,True,0,
stage1_overcall(FP),q00897.01-0000818156,Q00897.01-0000818156.MSG,0,Messages,standard,likely_non_responsive,clear_no,7,5,7,True,0,bde_llm_count
stage1_overcall(FP),q00897.01-0000818346,Q00897.01-0000818346.MSG,0,Messages,standard,likely_non_responsive,likely_no,5,0,5,True,0,
stage1_overcall(FP),q00897.01-0000819498,Q00897.01-0000819498.MSG,0,Messages,standard,likely_non_responsive,likely_no,8,6,8,True,0,bde_llm_count
stage1_overcall(FP),q00897.01-0000819843,Q00897.01-0000819843.MSG,0,Messages,standard,standard,,8,6,8,True,0,bde_llm_count
stage1_overcall(FP),q00897.01-0000823706,Q00897.01-0000823706.MSG,0,Messages,standard,likely_non_responsive,likely_no,7,7,7,True,0,bde_llm_count
stage1_overcall(FP),q00897.01-0000823719,Q00897.01-0000823719.MSG,0,Messages,standard,likely_non_responsive,likely_no,5,0,5,True,0,
stage1_overcall(FP),q00897.01-0000825272,Q00897.01-0000825272.MSG,0,Messages,standard,likely_non_responsive,likely_no,7,5,7,True,0,bde_llm_count
stage1_overcall(FP),q00897.01-0000825432,Q00897.01-0000825432.MSG,0,Messages,standard,standard,clear_yes,10,6,10,True,0,bde_llm_count
stage1_overcall(FP),q00897.01-0000826125,Q00897.01-0000826125.MSG,0,Messages,standard,likely_non_responsive,likely_no,4,0,4,True,0,llm_failed:RateLimitError
stage1_overcall(FP),q00897.01-0000829342,Q00897.01-0000829342.MSG,0,Messages,standard,likely_non_responsive,likely_no,16,16,16,True,0,bde_llm_count
stage1_overcall(FP),q00897.01-0000830414,Q00897.01-0000830414.MSG,0,Messages,standard,likely_non_responsive,likely_no,5,0,5,True,0,
stage1_overcall(FP),q00897.01-0000830582,Q00897.01-0000830582.MSG,0,Messages,standard,standard,likely_yes,10,6,10,True,0,bde_llm_count
stage1_overcall(FP),q00897.01-0000832796,Q00897.01-0000832796.MSG,0,Messages,standard,likely_non_responsive,likely_no,7,5,7,True,0,bde_llm_count
stage1_overcall(FP),q00897.01-0000833447,Q00897.01-0000833447.MSG,0,Messages,standard,likely_non_responsive,likely_no,6,0,6,True,0,
stage1_overcall(FP),q00897.01-0000833783,Q00897.01-0000833783.MSG,0,Messages,standard,standard,clear_yes,8,7,8,True,0,bde_llm_count
stage1_overcall(FP),q00897.01-0000834239,Q00897.01-0000834239.MSG,0,Messages,standard,likely_non_responsive,borderline,3,0,3,True,0,
stage1_overcall(FP),q00897.01-0000834438,Q00897.01-0000834438.MSG,0,Messages,standard,likely_non_responsive,borderline,1,0,1,True,0,
stage1_overcall(FP),q00897.01-0000834641,Q00897.01-0000834641.MSG,0,Messages,standard,standard,likely_yes,10,6,10,True,0,bde_llm_count
stage1_overcall(FP),q00897.01-0000835206,Q00897.01-0000835206.MSG,0,Messages,standard,likely_non_responsive,clear_no,3,0,3,True,0,
stage1_overcall(FP),q00897.01-0000835291,Q00897.01-0000835291.MSG,0,Messages,standard,standard,likely_yes,20,10,20,True,0,bde_llm_count
stage1_overcall(FP),q00897.01-0000835582,Q00897.01-0000835582.MSG,0,Messages,standard,likely_non_responsive,borderline,8,7,8,True,0,bde_llm_count
stage1_overcall(FP),q00897.01-0000838253,Q00897.01-0000838253.MSG,0,Messages,standard,likely_non_responsive,clear_no,18,6,18,True,0,bde_llm_count
stage1_overcall(FP),q00897.01-0000838722,Q00897.01-0000838722.MSG,0,Messages,standard,standard,likely_yes,12,9,12,True,0,bde_llm_count
stage1_overcall(FP),q00897.01-0000838773,Q00897.01-0000838773.MSG,0,Messages,standard,standard,clear_yes,12,10,12,True,0,bde_llm_count
stage1_overcall(FP),q00897.01-0000838986,Q00897.01-0000838986.MSG,0,Messages,standard,standard,clear_yes,20,7,20,True,0,bde_llm_count
stage1_overcall(FP),q00897.01-0000840244,Q00897.01-0000840244.MSG,0,Messages,standard,likely_non_responsive,likely_no,13,13,13,True,0,bde_llm_count
stage1_overcall(FP),q00897.01-0000840450,Q00897.01-0000840450.MSG,0,Messages,standard,likely_non_responsive,likely_no,15,10,15,True,0,bde_llm_count
stage1_overcall(FP),q00897.01-0000840476,Q00897.01-0000840476.MSG,0,Messages,standard,likely_non_responsive,likely_no,5,0,5,True,0,
stage1_overcall(FP),q00897.01-0000840518,Q00897.01-0000840518.MSG,0,Messages,standard,likely_non_responsive,likely_no,6,0,6,True,0,
stage1_overcall(FP),q00897.01-0000840664,Q00897.01-0000840664.MSG,0,Messages,standard,likely_non_responsive,likely_no,6,0,6,True,0,
stage1_overcall(FP),q00897.01-0000840763,Q00897.01-0000840763.MSG,0,Messages,standard,likely_non_responsive,likely_no,6,0,6,True,0,
stage1_overcall(FP),q00897.01-0000842884,Q00897.01-0000842884.MSG,0,Messages,standard,standard,likely_yes,2,0,2,True,0,
stage1_overcall(FP),q00897.01-0000843027,Q00897.01-0000843027.MSG,0,Messages,standard,likely_non_responsive,clear_no,5,0,5,True,0,
stage1_overcall(FP),q00897.01-0000843658,Q00897.01-0000843658.MSG,0,Messages,standard,likely_non_responsive,likely_no,5,0,5,True,0,
stage1_overcall(FP),q00897.01-0000846194,Q00897.01-0000846194.MSG,0,Messages,standard,likely_non_responsive,borderline,2,0,2,True,0,
stage1_overcall(FP),q00897.01-0000847048,Q00897.01-0000847048.MSG,0,Messages,standard,likely_non_responsive,likely_no,9,6,9,True,0,bde_llm_count
stage1_overcall(FP),q00897.01-0000847661,Q00897.01-0000847661.MSG,0,Messages,standard,likely_non_responsive,likely_no,3,0,3,True,0,
stage1_overcall(FP),q00897.01-0000849039,Q00897.01-0000849039.MSG,0,Messages,standard,likely_non_responsive,likely_no,4,0,4,True,0,
stage1_overcall(FP),q00897.01-0000849724,Q00897.01-0000849724.MSG,0,Messages,standard,likely_non_responsive,clear_no,7,4,7,True,0,bde_llm_count
stage1_overcall(FP),q00897.01-0000850516,Q00897.01-0000850516.XLSX,0,Excel,structured_bde,likely_non_responsive,clear_no,71,71,71,True,0,bde_llm_count_roster
stage1_overcall(FP),q00897.01-0000859476,Q00897.01-0000859476.XLSX,0,Excel,standard,standard,clear_yes,9,9,9,True,0,bde_llm_count_roster
stage1_overcall(FP),q00897.01-0000863889,Q00897.01-0000863889.PDF,0,PDF,standard,standard,clear_yes,2,0,2,True,1,"img_ocr:p1(1/1,+77chars)"
stage1_overcall(FP),q00897.01-0000866466,Q00897.01-0000866466.PDF,0,PDF,standard,standard,likely_yes,16,1,1,True,1,bde_llm_count_roster
stage1_overcall(FP),q00897.01-0000866775,Q00897.01-0000866775.XLS,0,Excel,structured_bde,structured_bde,clear_yes,124,124,124,True,0,roster_by_rowcount bde_llm_count_roster
stage1_overcall(FP),q00897.01-0000868410,Q00897.01-0000868410.TXT,0,Text,standard,likely_non_responsive,likely_no,6,0,6,True,0,
stage1_overcall(FP),q00897.01-0000868600,Q00897.01-0000868600.TXT,0,Text,standard,likely_non_responsive,clear_no,92,0,92,True,0,bde_llm_count
stage1_overcall(FP),q00897.01-0000868618,Q00897.01-0000868618.TXT,0,Text,standard,likely_non_responsive,clear_no,91,0,91,True,0,bde_llm_count
stage1_overcall(FP),q00897.01-0000868903,Q00897.01-0000868903.TXT,0,Text,standard,standard,likely_yes,5,0,5,True,0,
stage1_overcall(FP),q00897.01-0000868992,Q00897.01-0000868992.TXT,0,Text,standard,standard,likely_yes,7,2,7,True,0,bde_llm_count
stage1_overcall(FP),q00897.01-0000869093,Q00897.01-0000869093.TXT,0,Text,bde,likely_non_responsive,clear_no,52,0,52,True,0,bde_llm_count_roster
stage1_overcall(FP),q00897.01-0000869343,Q00897.01-0000869343.PDF,0,PDF,standard,likely_non_responsive,likely_no,2,0,2,True,0,
stage1_overcall(FP),q00897.01-0000870436,Q00897.01-0000870436.PDF,0,PDF,standard,likely_non_responsive,likely_no,3,0,3,True,0,
stage1_overcall(FP),q00897.01-0000870579,Q00897.01-0000870579.PDF,0,PDF,standard,likely_non_responsive,clear_no,12,0,12,True,0,bde_llm_count
stage1_overcall(FP),q00897.01-0000871135,Q00897.01-0000871135.PDF,0,PDF,standard,standard,likely_yes,5,2,2,True,1,bde_llm_count
stage1_overcall(FP),q00897.01-0000872972,Q00897.01-0000872972.XLSX,0,Excel,standard,likely_non_responsive,borderline,78,1,1,True,0,roster_by_rowcount bde_llm_count
stage1_overcall(FP),q00897.01-0000873103,Q00897.01-0000873103.XLSX,0,Excel,structured_bde,likely_non_responsive,clear_no,317,0,317,True,0,roster_by_rowcount bde_llm_count_roster
stage1_overcall(FP),q00897.01-0000880895,Q00897.01-0000880895.MSG,0,Messages,standard,likely_non_responsive,clear_no,2,0,2,True,0,
stage1_overcall(FP),q00897.01-0000883581,Q00897.01-0000883581.PDF,0,PDF,standard,standard,clear_yes,33,1,1,True,1,bde_llm_count
stage1_overcall(FP),q00897.01-0000884129,Q00897.01-0000884129.PDF,0,PDF,standard,likely_non_responsive,clear_no,312,2,2,True,1,bde_llm_count
stage1_overcall(FP),q00897.01-0000887090,Q00897.01-0000887090.PDF,0,PDF,standard,likely_non_responsive,borderline,2,0,2,True,0,
stage1_overcall(FP),q00897.01-0000887093,Q00897.01-0000887093.PDF,0,PDF,standard,likely_non_responsive,likely_no,2,0,2,True,0,
stage1_overcall(FP),q00897.01-0000887141,Q00897.01-0000887141.PDF,0,PDF,standard,likely_non_responsive,borderline,2,0,2,True,0,
stage1_overcall(FP),q00897.01-0000888818,Q00897.01-0000888818.PDF,0,PDF,standard,likely_non_responsive,likely_no,1,0,1,True,0,
stage1_overcall(FP),q00897.01-0000889838,Q00897.01-0000889838.PDF,0,PDF,standard,likely_non_responsive,likely_no,1,0,1,True,0,
stage1_overcall(FP),q00897.01-0000893693,Q00897.01-0000893693.PDF,0,PDF,standard,standard,likely_yes,1,0,1,True,0,
stage1_overcall(FP),q00897.01-0000894221,Q00897.01-0000894221.PDF,0,PDF,standard,standard,likely_yes,1,0,1,True,0,
stage1_overcall(FP),q00897.01-0000894407,Q00897.01-0000894407.PDF,0,PDF,standard,standard,likely_yes,2,0,2,True,0,
stage1_overcall(FP),q00897.01-0000895038,Q00897.01-0000895038.PDF,0,PDF,standard,standard,likely_yes,1,0,1,True,0,
stage1_overcall(FP),q00897.01-0000895612,Q00897.01-0000895612.PDF,0,PDF,standard,standard,likely_yes,2,0,2,True,0,
stage1_overcall(FP),q00897.01-0000895865,Q00897.01-0000895865.PDF,0,PDF,standard,standard,likely_yes,1,0,1,True,0,
stage1_overcall(FP),q00897.01-0000896334,Q00897.01-0000896334.PDF,0,PDF,standard,standard,likely_yes,2,0,2,True,0,
stage1_overcall(FP),q00897.01-0000896379,Q00897.01-0000896379.PDF,0,PDF,standard,likely_non_responsive,likely_no,2,0,2,True,0,
stage1_overcall(FP),q00897.01-0000897559,Q00897.01-0000897559.PDF,0,PDF,standard,standard,likely_yes,1,0,1,True,0,
stage1_overcall(FP),q00897.01-0000898981,Q00897.01-0000898981.PDF,0,PDF,standard,standard,clear_yes,2,0,2,True,0,
stage1_overcall(FP),q00897.01-0000899950,Q00897.01-0000899950.PDF,0,PDF,standard,standard,likely_yes,2,0,2,True,0,
stage1_overcall(FP),q00897.01-0000901424,Q00897.01-0000901424.PDF,0,PDF,standard,likely_non_responsive,likely_no,1,0,1,True,0,
stage1_overcall(FP),q00897.01-0000907293,Q00897.01-0000907293.PDF,0,PDF,standard,standard,clear_yes,1,0,1,True,0,
stage1_overcall(FP),q00897.01-0000907657,Q00897.01-0000907657.PDF,0,PDF,standard,standard,likely_yes,1,0,1,True,0,
stage1_overcall(FP),q00897.01-0000907712,Q00897.01-0000907712.PDF,0,PDF,standard,standard,likely_yes,1,0,1,True,0,
stage1_overcall(FP),q00897.01-0000910780,Q00897.01-0000910780.PDF,0,PDF,standard,likely_non_responsive,likely_no,1,0,1,True,0,
stage1_overcall(FP),q00897.01-0000914016,Q00897.01-0000914016.PDF,0,PDF,standard,standard,clear_yes,4,0,4,True,1,"img_ocr:p1(1/1,+6chars)"
stage1_overcall(FP),q00897.01-0000914026,Q00897.01-0000914026.PDF,0,PDF,standard,standard,likely_yes,2,0,2,True,0,
stage1_overcall(FP),q00897.01-0000914131,Q00897.01-0000914131.PDF,0,PDF,standard,standard,clear_yes,2,0,2,True,0,
stage1_overcall(FP),q00897.01-0000914132,Q00897.01-0000914132.PDF,0,PDF,standard,standard,likely_yes,5,0,5,True,0,
stage1_overcall(FP),q00897.01-0000914163,Q00897.01-0000914163.PDF,0,PDF,standard,standard,likely_yes,2,0,2,True,0,
stage1_overcall(FP),q00897.01-0000914602,Q00897.01-0000914602.PDF,0,PDF,standard,likely_non_responsive,likely_no,4,0,4,True,1,"img_ocr:p3(1/1,+7chars)"
stage1_overcall(FP),q00897.01-0000914755,Q00897.01-0000914755.PDF,0,PDF,standard,standard,clear_yes,10,4,4,True,1,bde_llm_count
stage1_overcall(FP),q00897.01-0000916249,Q00897.01-0000916249.PDF,0,PDF,standard,standard,clear_yes,2,0,2,True,0,
stage1_overcall(FP),q00897.01-0000916395,Q00897.01-0000916395.PDF,0,PDF,standard,standard,clear_yes,3,0,3,True,0,
stage1_overcall(FP),q00897.01-0000916873,Q00897.01-0000916873.PDF,0,PDF,standard,standard,likely_yes,7,3,3,True,1,bde_llm_count
pipeline_miss(FN),q00897.01-0000859447,Q00897.01-0000859447.XLSX,1521,Excel,structured_bde,likely_non_responsive,likely_no,1855,69,69,True,0,bde_llm_count_roster
pipeline_miss(FN),q00897.01-0000292427,Q00897.01-0000292427.XLSX,1364,Excel,structured_bde,likely_non_responsive,borderline,5222,5222,5222,True,0,bde_llm_count_roster
pipeline_miss(FN),q00897.01-0000293741,Q00897.01-0000293741.PDF,1218,PDF,likely_non_responsive,,,1,0,1,True,0,
pipeline_miss(FN),q00897.01-0000294399,Q00897.01-0000294399.PDF,412,PDF,likely_non_responsive,,,1,0,1,True,0,
pipeline_miss(FN),q00897.01-0000294592,Q00897.01-0000294592.PDF,408,PDF,likely_non_responsive,,,1,0,1,True,0,
pipeline_miss(FN),q00897.01-0000292852,Q00897.01-0000292852.PDF,371,PDF,likely_non_responsive,,,1,0,1,True,0,
pipeline_miss(FN),q00897.01-0000288715,Q00897.01-0000288715.XLSX,304,Excel,structured_bde,likely_non_responsive,likely_no,304,304,304,True,0,bde_llm_count_roster
pipeline_miss(FN),q00897.01-0000107819,Q00897.01-0000107819.XLSX,164,Excel,structured_bde,likely_non_responsive,likely_no,200000,51,51,True,0,roster_by_rowcount bde_llm_count_roster
pipeline_miss(FN),q00897.01-0000431950,Q00897.01-0000431950.MSG,82,Messages,bde,likely_non_responsive,likely_no,98,98,98,True,0,bde_llm_count_roster
pipeline_miss(FN),q00897.01-0000009029,Q00897.01-0000009029.CSV,62,Text,structured_bde,likely_non_responsive,likely_no,63,63,63,True,0,roster_by_rowcount bde_llm_count_roster
pipeline_miss(FN),q00897.01-0000021790,Q00897.01-0000021790.PDF,55,PDF,likely_non_responsive,,,1,0,1,True,0,
pipeline_miss(FN),q00897.01-0000912173,Q00897.01-0000912173.PDF,34,PDF,likely_non_responsive,,,1,0,1,True,0,
pipeline_miss(FN),q00897.01-0000866430,Q00897.01-0000866430.XLSX,31,Excel,standard,likely_non_responsive,likely_no,2598,1,1,True,0,roster_by_rowcount bde_llm_count
pipeline_miss(FN),q00897.01-0000890677,Q00897.01-0000890677.PDF,30,PDF,likely_non_responsive,,,0,0,0,True,0,
pipeline_miss(FN),q00897.01-0000890145,Q00897.01-0000890145.PDF,29,PDF,standard,likely_non_responsive,likely_no,30,30,30,True,0,bde_llm_count_roster
pipeline_miss(FN),q00897.01-0000854816,Q00897.01-0000854816.PDF,21,PDF,likely_non_responsive,,,1,0,1,True,0,
pipeline_miss(FN),q00897.01-0000013615,Q00897.01-0000013615.PDF,20,PDF,likely_non_responsive,,,1,0,1,True,1,"img_ocr:p1(1/1,+7chars)"
pipeline_miss(FN),q00897.01-0000011418,Q00897.01-0000011418.PDF,17,PDF,likely_non_responsive,,,0,0,0,True,0,
pipeline_miss(FN),q00897.01-0000458203,Q00897.01-0000458203.MSG,17,Messages,likely_non_responsive,,,0,0,0,True,0,
pipeline_miss(FN),q00897.01-0000908033,Q00897.01-0000908033.PDF,10,PDF,likely_non_responsive,,,0,0,0,True,0,
pipeline_miss(FN),q00897.01-0000289493,Q00897.01-0000289493.PDF,9,PDF,likely_non_responsive,,,1,0,1,True,0,
pipeline_miss(FN),q00897.01-0000909637,Q00897.01-0000909637.PDF,7,PDF,standard,likely_non_responsive,borderline,9,9,9,True,0,bde_llm_count_roster
pipeline_miss(FN),q00897.01-0000453467,Q00897.01-0000453467.MSG,6,Messages,standard,likely_non_responsive,likely_no,24,24,24,True,0,bde_llm_count_roster
pipeline_miss(FN),q00897.01-0000909871,Q00897.01-0000909871.PDF,6,PDF,likely_non_responsive,,,0,0,0,True,0,
pipeline_miss(FN),q00897.01-0000260118,Q00897.01-0000260118.PDF,5,PDF,standard,likely_non_responsive,likely_no,689,6,6,True,1,bde_llm_count
pipeline_miss(FN),q00897.01-0000893025,Q00897.01-0000893025.PDF,5,PDF,likely_non_responsive,,,0,0,0,True,0,
pipeline_miss(FN),q00897.01-0000012553,Q00897.01-0000012553.XLSX,3,Excel,standard,likely_non_responsive,likely_no,4,5,5,True,0,bde_llm_count_roster
pipeline_miss(FN),q00897.01-0000250117,Q00897.01-0000250117.PDF,2,PDF,standard,likely_non_responsive,likely_no,4,0,4,True,3,"img_ocr:p3,p3,p3(3/3,+1306chars)"
pipeline_miss(FN),q00897.01-0000888757,Q00897.01-0000888757.PDF,2,PDF,likely_non_responsive,,,0,0,0,True,0,
pipeline_miss(FN),q00897.01-0000907872,Q00897.01-0000907872.PDF,2,PDF,standard,likely_non_responsive,borderline,4,0,4,True,0,
pipeline_miss(FN),q00897.01-0000000920,Q00897.01-0000000920.PDF,1,PDF,likely_non_responsive,,,1,0,1,True,0,
pipeline_miss(FN),q00897.01-0000002896,Q00897.01-0000002896.PDF,1,PDF,standard,likely_non_responsive,borderline,1,0,1,True,0,
pipeline_miss(FN),q00897.01-0000004862,Q00897.01-0000004862.PDF,1,PDF,likely_non_responsive,,,1,0,1,True,0,
pipeline_miss(FN),q00897.01-0000012058,Q00897.01-0000012058.PDF,1,PDF,likely_non_responsive,,,1,0,1,True,0,
pipeline_miss(FN),q00897.01-0000014940,Q00897.01-0000014940.PDF,1,PDF,likely_non_responsive,,,1,0,1,True,2,"img_ocr:none(2 calls,0 chars)"
pipeline_miss(FN),q00897.01-0000015088,Q00897.01-0000015088.PDF,1,PDF,likely_non_responsive,,,2,0,2,True,0,
pipeline_miss(FN),q00897.01-0000018484,Q00897.01-0000018484.PDF,1,PDF,standard,likely_non_responsive,likely_no,7,1,1,True,1,bde_llm_count
pipeline_miss(FN),q00897.01-0000118577,Q00897.01-0000118577.PDF,1,PDF,standard,likely_non_responsive,clear_no,1,0,1,True,0,
pipeline_miss(FN),q00897.01-0000139045,Q00897.01-0000139045.PDF,1,PDF,standard,likely_non_responsive,likely_no,213,0,213,True,1,bde_llm_count
pipeline_miss(FN),q00897.01-0000260140,Q00897.01-0000260140.PDF,1,PDF,standard,likely_non_responsive,likely_no,56,2,2,True,1,bde_llm_count
pipeline_miss(FN),q00897.01-0000260477,Q00897.01-0000260477.XLSX,1,Excel,standard,likely_non_responsive,likely_no,4,1,1,True,0,bde_llm_count
pipeline_miss(FN),q00897.01-0000260642,Q00897.01-0000260642.XLSX,1,Excel,standard,likely_non_responsive,likely_no,617,1,1,True,0,roster_by_rowcount bde_llm_count
pipeline_miss(FN),q00897.01-0000274768,Q00897.01-0000274768.PDF,1,PDF,standard,likely_non_responsive,borderline,1,0,1,True,0,
pipeline_miss(FN),q00897.01-0000275143,Q00897.01-0000275143.PDF,1,PDF,standard,likely_non_responsive,likely_no,5,0,5,True,0,
pipeline_miss(FN),q00897.01-0000279571,Q00897.01-0000279571.PDF,1,PDF,standard,likely_non_responsive,likely_no,4,0,4,True,1,"img_ocr:p1(1/1,+47chars)"
pipeline_miss(FN),q00897.01-0000292082,Q00897.01-0000292082.PDF,1,PDF,likely_non_responsive,,,1,0,1,True,0,
pipeline_miss(FN),q00897.01-0000341089,Q00897.01-0000341089.PDF,1,PDF,standard,likely_non_responsive,clear_no,1,0,1,True,2,"img_ocr:p1,p1(2/2,+415chars)"
pipeline_miss(FN),q00897.01-0000341114,Q00897.01-0000341114.PDF,1,PDF,standard,likely_non_responsive,likely_no,12,1,1,True,1,bde_llm_count
pipeline_miss(FN),q00897.01-0000341270,Q00897.01-0000341270.DOCX,1,MS Word,standard,likely_non_responsive,likely_no,1,0,1,True,0,
pipeline_miss(FN),q00897.01-0000341294,Q00897.01-0000341294.DOCX,1,MS Word,standard,likely_non_responsive,clear_no,1,0,1,True,0,
pipeline_miss(FN),q00897.01-0000341423,Q00897.01-0000341423.DOCX,1,MS Word,standard,likely_non_responsive,clear_no,3,0,3,True,0,
pipeline_miss(FN),q00897.01-0000341450,Q00897.01-0000341450.DOCX,1,MS Word,standard,likely_non_responsive,borderline,3,0,3,True,0,
pipeline_miss(FN),q00897.01-0000342907,Q00897.01-0000342907.PDF,1,PDF,standard,likely_non_responsive,likely_no,6,1,1,True,1,bde_llm_count
pipeline_miss(FN),q00897.01-0000343102,Q00897.01-0000343102.PDF,1,PDF,standard,likely_non_responsive,borderline,1,0,1,True,1,"img_ocr:p1(1/1,+41chars)"
pipeline_miss(FN),q00897.01-0000430879,Q00897.01-0000430879.MSG,1,Messages,standard,likely_non_responsive,clear_no,5,0,5,True,0,
pipeline_miss(FN),q00897.01-0000538861,Q00897.01-0000538861.MSG,1,Messages,standard,likely_non_responsive,borderline,1,0,1,True,0,
pipeline_miss(FN),q00897.01-0000545479,Q00897.01-0000545479.MSG,1,Messages,standard,likely_non_responsive,borderline,8,2,8,True,0,bde_llm_count
pipeline_miss(FN),q00897.01-0000641284,Q00897.01-0000641284.MSG,1,Messages,standard,likely_non_responsive,likely_no,3,0,3,True,0,
pipeline_miss(FN),q00897.01-0000657830,Q00897.01-0000657830.MSG,1,Messages,likely_non_responsive,,,1,0,1,True,0,
pipeline_miss(FN),q00897.01-0000666580,Q00897.01-0000666580.MSG,1,Messages,standard,likely_non_responsive,likely_no,7,3,7,True,0,bde_llm_count
pipeline_miss(FN),q00897.01-0000691329,Q00897.01-0000691329.MSG,1,Messages,standard,likely_non_responsive,borderline,2,0,2,True,0,
pipeline_miss(FN),q00897.01-0000694126,Q00897.01-0000694126.MSG,1,Messages,standard,likely_non_responsive,likely_no,5,0,5,True,0,
pipeline_miss(FN),q00897.01-0000702563,Q00897.01-0000702563.MSG,1,Messages,standard,likely_non_responsive,borderline,2,0,2,True,0,
pipeline_miss(FN),q00897.01-0000710502,Q00897.01-0000710502.MSG,1,Messages,standard,likely_non_responsive,likely_no,3,0,3,True,0,
pipeline_miss(FN),q00897.01-0000787288,Q00897.01-0000787288.MSG,1,Messages,standard,likely_non_responsive,likely_no,6,0,6,True,0,
pipeline_miss(FN),q00897.01-0000795819,Q00897.01-0000795819.MSG,1,Messages,standard,likely_non_responsive,borderline,4,0,4,True,0,
pipeline_miss(FN),q00897.01-0000795959,Q00897.01-0000795959.MSG,1,Messages,standard,likely_non_responsive,likely_no,7,5,7,True,0,bde_llm_count
pipeline_miss(FN),q00897.01-0000796048,Q00897.01-0000796048.MSG,1,Messages,standard,likely_non_responsive,likely_no,4,0,4,True,0,
pipeline_miss(FN),q00897.01-0000798460,Q00897.01-0000798460.MSG,1,Messages,standard,likely_non_responsive,likely_no,3,0,3,True,0,
pipeline_miss(FN),q00897.01-0000806000,Q00897.01-0000806000.MSG,1,Messages,standard,likely_non_responsive,likely_no,5,0,5,True,0,
pipeline_miss(FN),q00897.01-0000808066,Q00897.01-0000808066.MSG,1,Messages,standard,likely_non_responsive,clear_no,6,0,6,True,0,
pipeline_miss(FN),q00897.01-0000857056,Q00897.01-0000857056.PDF,1,PDF,likely_non_responsive,,,2,0,2,True,0,
pipeline_miss(FN),q00897.01-0000858544,Q00897.01-0000858544.PDF,1,PDF,likely_non_responsive,,,2,0,2,True,0,
pipeline_miss(FN),q00897.01-0000865188,Q00897.01-0000865188.PDF,1,PDF,likely_non_responsive,,,1,0,1,True,0,
pipeline_miss(FN),q00897.01-0000884048,Q00897.01-0000884048.XLSX,1,Excel,structured_bde,likely_non_responsive,clear_no,58,58,58,True,0,bde_llm_count_roster
pipeline_miss(FN),q00897.01-0000889027,Q00897.01-0000889027.PDF,1,PDF,likely_non_responsive,,,1,0,1,True,0,
pipeline_miss(FN),q00897.01-0000890047,Q00897.01-0000890047.PDF,1,PDF,standard,likely_non_responsive,borderline,1,0,1,True,0,
pipeline_miss(FN),q00897.01-0000890379,Q00897.01-0000890379.PDF,1,PDF,likely_non_responsive,,,0,0,0,True,0,
pipeline_miss(FN),q00897.01-0000890978,Q00897.01-0000890978.PDF,1,PDF,likely_non_responsive,,,0,0,0,True,0,
pipeline_miss(FN),q00897.01-0000892701,Q00897.01-0000892701.PDF,1,PDF,likely_non_responsive,,,0,0,0,True,0,
pipeline_miss(FN),q00897.01-0000894136,Q00897.01-0000894136.PDF,1,PDF,standard,likely_non_responsive,borderline,1,0,1,True,0,
pipeline_miss(FN),q00897.01-0000894193,Q00897.01-0000894193.PDF,1,PDF,likely_non_responsive,,,0,0,0,True,0,
pipeline_miss(FN),q00897.01-0000895744,Q00897.01-0000895744.PDF,1,PDF,likely_non_responsive,,,0,0,0,True,0,
pipeline_miss(FN),q00897.01-0000896186,Q00897.01-0000896186.PDF,1,PDF,likely_non_responsive,,,0,0,0,True,0,
pipeline_miss(FN),q00897.01-0000897129,Q00897.01-0000897129.PDF,1,PDF,likely_non_responsive,,,1,0,1,True,0,
pipeline_miss(FN),q00897.01-0000897213,Q00897.01-0000897213.PDF,1,PDF,likely_non_responsive,,,1,0,1,True,0,
pipeline_miss(FN),q00897.01-0000899084,Q00897.01-0000899084.PDF,1,PDF,likely_non_responsive,,,1,0,1,True,0,
pipeline_miss(FN),q00897.01-0000900054,Q00897.01-0000900054.PDF,1,PDF,likely_non_responsive,,,1,0,1,True,0,
pipeline_miss(FN),q00897.01-0000900464,Q00897.01-0000900464.PDF,1,PDF,likely_non_responsive,,,1,0,1,True,0,
pipeline_miss(FN),q00897.01-0000900504,Q00897.01-0000900504.PDF,1,PDF,likely_non_responsive,,,1,0,1,True,0,
pipeline_miss(FN),q00897.01-0000900576,Q00897.01-0000900576.PDF,1,PDF,likely_non_responsive,,,1,0,1,True,0,
pipeline_miss(FN),q00897.01-0000901285,Q00897.01-0000901285.PDF,1,PDF,likely_non_responsive,,,1,0,1,True,0,
pipeline_miss(FN),q00897.01-0000901530,Q00897.01-0000901530.PDF,1,PDF,likely_non_responsive,,,1,0,1,True,0,
pipeline_miss(FN),q00897.01-0000902336,Q00897.01-0000902336.PDF,1,PDF,likely_non_responsive,,,0,0,0,True,0,
pipeline_miss(FN),q00897.01-0000902457,Q00897.01-0000902457.PDF,1,PDF,likely_non_responsive,,,1,0,1,True,0,
pipeline_miss(FN),q00897.01-0000902590,Q00897.01-0000902590.PDF,1,PDF,likely_non_responsive,,,1,0,1,True,0,
pipeline_miss(FN),q00897.01-0000904396,Q00897.01-0000904396.PDF,1,PDF,likely_non_responsive,,,0,0,0,True,0,
pipeline_miss(FN),q00897.01-0000904904,Q00897.01-0000904904.PDF,1,PDF,likely_non_responsive,,,0,0,0,True,0,
pipeline_miss(FN),q00897.01-0000905037,Q00897.01-0000905037.PDF,1,PDF,likely_non_responsive,,,0,0,0,True,0,
pipeline_miss(FN),q00897.01-0000908093,Q00897.01-0000908093.PDF,1,PDF,likely_non_responsive,,,0,0,0,True,0,
pipeline_miss(FN),q00897.01-0000911696,Q00897.01-0000911696.PDF,1,PDF,likely_non_responsive,,,0,0,0,True,0,
pipeline_miss(FN),q00897.01-0000911795,Q00897.01-0000911795.PDF,1,PDF,likely_non_responsive,,,0,0,0,True,0,
pipeline_miss(FN),q00897.01-0000913060,Q00897.01-0000913060.PDF,1,PDF,likely_non_responsive,,,0,0,0,True,0,
pipeline_miss(FN),q00897.01-0000914402,Q00897.01-0000914402.PDF,1,PDF,standard,likely_non_responsive,likely_no,3,0,3,True,1,"img_ocr:p2(1/1,+6chars)"
bde_miss(FN),q00897.01-0000293741,Q00897.01-0000293741.PDF,1218,PDF,likely_non_responsive,,,1,0,1,True,0,
bde_miss(FN),q00897.01-0000293624,Q00897.01-0000293624.PDF,1108,PDF,standard,standard,clear_yes,3,0,3,True,2,"img_ocr:p6,p6(2/2,+35chars)"
bde_miss(FN),q00897.01-0000007914,Q00897.01-0000007914.PDF,691,PDF,standard,bde,clear_yes,230,4,230,True,0,bde_llm_count
bde_miss(FN),q00897.01-0000294399,Q00897.01-0000294399.PDF,412,PDF,likely_non_responsive,,,1,0,1,True,0,
bde_miss(FN),q00897.01-0000294592,Q00897.01-0000294592.PDF,408,PDF,likely_non_responsive,,,1,0,1,True,0,
bde_miss(FN),q00897.01-0000294374,Q00897.01-0000294374.PDF,395,PDF,standard,standard,clear_yes,2,0,2,True,2,"img_ocr:p5,p5(2/2,+35chars)"
bde_miss(FN),q00897.01-0000292852,Q00897.01-0000292852.PDF,371,PDF,likely_non_responsive,,,1,0,1,True,0,
bde_miss(FN),q00897.01-0000346696,Q00897.01-0000346696.PDF,277,PDF,standard,standard,,5,0,5,True,0,llm_failed:JSONDecodeError
bde_miss(FN),q00897.01-0000893377,Q00897.01-0000893377.PDF,78,PDF,standard,standard,clear_yes,22,5,22,True,0,bde_llm_count_roster
bde_miss(FN),q00897.01-0000021790,Q00897.01-0000021790.PDF,55,PDF,likely_non_responsive,,,1,0,1,True,0,
bde_miss(FN),q00897.01-0000892334,Q00897.01-0000892334.PDF,43,PDF,standard,standard,clear_yes,9,5,9,True,0,bde_llm_count_roster
bde_miss(FN),q00897.01-0000912173,Q00897.01-0000912173.PDF,34,PDF,likely_non_responsive,,,1,0,1,True,0,
bde_miss(FN),q00897.01-0000866430,Q00897.01-0000866430.XLSX,31,Excel,standard,likely_non_responsive,likely_no,2598,1,1,True,0,roster_by_rowcount bde_llm_count
bde_miss(FN),q00897.01-0000890677,Q00897.01-0000890677.PDF,30,PDF,likely_non_responsive,,,0,0,0,True,0,
bde_miss(FN),q00897.01-0000913811,Q00897.01-0000913811.PDF,30,PDF,standard,standard,clear_yes,3,0,3,True,0,
bde_miss(FN),q00897.01-0000854816,Q00897.01-0000854816.PDF,21,PDF,likely_non_responsive,,,1,0,1,True,0,
bde_miss(FN),q00897.01-0000906522,Q00897.01-0000906522.PDF,21,PDF,standard,standard,clear_yes,1,0,1,True,0,llm_failed:JSONDecodeError
bde_miss(FN),q00897.01-0000013615,Q00897.01-0000013615.PDF,20,PDF,likely_non_responsive,,,1,0,1,True,1,"img_ocr:p1(1/1,+7chars)"
bde_miss(FN),q00897.01-0000011418,Q00897.01-0000011418.PDF,17,PDF,likely_non_responsive,,,0,0,0,True,0,
bde_miss(FN),q00897.01-0000458203,Q00897.01-0000458203.MSG,17,Messages,likely_non_responsive,,,0,0,0,True,0,
bde_miss(FN),q00897.01-0000892005,Q00897.01-0000892005.PDF,11,PDF,standard,standard,clear_yes,5,0,5,True,0,
bde_miss(FN),q00897.01-0000908033,Q00897.01-0000908033.PDF,10,PDF,likely_non_responsive,,,0,0,0,True,0,
bde_miss(FN),q00897.01-0000289493,Q00897.01-0000289493.PDF,9,PDF,likely_non_responsive,,,1,0,1,True,0,
bde_miss(FN),q00897.01-0000290615,Q00897.01-0000290615.XLS,8,Excel,standard,standard,clear_yes,31,6,6,True,0,bde_llm_count_roster
bde_overcall(FP),q00897.01-0000453467,Q00897.01-0000453467.MSG,6,Messages,standard,likely_non_responsive,likely_no,24,24,24,True,0,bde_llm_count_roster
bde_overcall(FP),q00897.01-0000892139,Q00897.01-0000892139.PDF,6,PDF,structured_bde,structured_bde,clear_yes,181,6,6,True,1,bde_llm_count_roster
bde_overcall(FP),q00897.01-0000910382,Q00897.01-0000910382.PDF,6,PDF,standard,standard,clear_yes,8,8,8,True,0,bde_llm_count_roster
bde_overcall(FP),q00897.01-0000019934,Q00897.01-0000019934.XLSX,4,Excel,structured_bde,structured_bde,clear_yes,85,5,5,True,0,roster_by_rowcount bde_llm_count_roster
bde_overcall(FP),q00897.01-0000259947,Q00897.01-0000259947.PDF,2,PDF,structured_bde,structured_bde,likely_yes,906,906,906,True,1,bde_llm_count_roster
bde_overcall(FP),q00897.01-0000469621,Q00897.01-0000469621.MSG,2,Messages,standard,standard,likely_yes,11,7,11,True,0,bde_llm_count
bde_overcall(FP),q00897.01-0000638243,Q00897.01-0000638243.MSG,2,Messages,standard,standard,likely_yes,12,9,12,True,0,bde_llm_count
bde_overcall(FP),q00897.01-0000891679,Q00897.01-0000891679.PDF,2,PDF,structured_bde,structured_bde,clear_yes,106,3,3,True,1,bde_llm_count_roster
bde_overcall(FP),q00897.01-0000117694,Q00897.01-0000117694.XLSX,1,Excel,structured_bde,structured_bde,likely_yes,100,100,100,True,0,roster_by_rowcount bde_llm_count_roster
bde_overcall(FP),q00897.01-0000260047,Q00897.01-0000260047.PDF,1,PDF,structured_bde,structured_bde,clear_yes,695,695,695,True,1,bde_llm_count_roster
bde_overcall(FP),q00897.01-0000260346,Q00897.01-0000260346.XLSX,1,Excel,structured_bde,structured_bde,likely_yes,624,624,624,True,0,roster_by_rowcount bde_llm_count_roster
bde_overcall(FP),q00897.01-0000401140,Q00897.01-0000401140.MSG,1,Messages,standard,standard,likely_yes,15,15,15,True,0,bde_llm_count
bde_overcall(FP),q00897.01-0000857983,Q00897.01-0000857983.XLSX,1,Excel,structured_bde,structured_bde,likely_yes,212,2,2,True,0,roster_by_rowcount bde_llm_count_roster
bde_overcall(FP),q00897.01-0000884048,Q00897.01-0000884048.XLSX,1,Excel,structured_bde,likely_non_responsive,clear_no,58,58,58,True,0,bde_llm_count_roster
bde_overcall(FP),q00897.01-0000894615,Q00897.01-0000894615.PDF,1,PDF,structured_bde,structured_bde,clear_yes,53,1,1,True,1,bde_llm_count_roster
bde_overcall(FP),q00897.01-0000895229,Q00897.01-0000895229.PDF,1,PDF,structured_bde,structured_bde,clear_yes,53,1,1,True,1,bde_llm_count_roster
bde_overcall(FP),q00897.01-0000897755,Q00897.01-0000897755.PDF,1,PDF,structured_bde,structured_bde,clear_yes,53,3,3,True,1,bde_llm_count_roster
bde_overcall(FP),q00897.01-0000898059,Q00897.01-0000898059.PDF,1,PDF,structured_bde,structured_bde,clear_yes,53,3,3,True,1,bde_llm_count_roster
bde_overcall(FP),q00897.01-0000912171,Q00897.01-0000912171.PDF,1,PDF,structured_bde,structured_bde,clear_yes,62,1,1,True,1,bde_llm_count_roster
bde_overcall(FP),q00897.01-0000916707,Q00897.01-0000916707.XLSX,1,Excel,structured_bde,structured_bde,clear_yes,212,212,212,True,0,roster_by_rowcount bde_llm_count_roster
bde_overcall(FP),q00897.01-0000106795,Q00897.01-0000106795.XLSX,0,Excel,structured_bde,likely_non_responsive,likely_no,2227,3,3,True,0,bde_llm_count_roster
bde_overcall(FP),q00897.01-0000111336,Q00897.01-0000111336.XLSX,0,Excel,structured_bde,likely_non_responsive,clear_no,369,369,369,True,0,roster_by_rowcount bde_llm_count_roster
bde_overcall(FP),q00897.01-0000118344,Q00897.01-0000118344.XLSX,0,Excel,standard,standard,clear_yes,6,7,7,True,0,bde_llm_count_roster
bde_overcall(FP),q00897.01-0000119986,Q00897.01-0000119986.XLSX,0,Excel,standard,likely_non_responsive,clear_no,376,19,19,True,0,bde_llm_count
bde_overcall(FP),q00897.01-0000123354,Q00897.01-0000123354.PDF,0,PDF,standard,likely_non_responsive,likely_no,132,10,10,True,1,bde_llm_count
bde_overcall(FP),q00897.01-0000125065,Q00897.01-0000125065.PDF,0,PDF,structured_bde,likely_non_responsive,clear_no,455,51,51,True,1,bde_llm_count_roster
bde_overcall(FP),q00897.01-0000125136,Q00897.01-0000125136.PDF,0,PDF,standard,likely_non_responsive,likely_no,204,8,8,True,1,bde_llm_count
bde_overcall(FP),q00897.01-0000141441,Q00897.01-0000141441.XLSX,0,Excel,structured_bde,likely_non_responsive,clear_no,669,0,669,True,0,roster_by_rowcount bde_llm_count_roster
bde_overcall(FP),q00897.01-0000241885,Q00897.01-0000241885.XLSX,0,Excel,structured_bde,likely_non_responsive,clear_no,53,53,53,True,0,bde_llm_count_roster
bde_overcall(FP),q00897.01-0000250615,Q00897.01-0000250615.XLSX,0,Excel,structured_bde,likely_non_responsive,clear_no,659,659,659,True,0,bde_llm_count_roster
bde_overcall(FP),q00897.01-0000250855,Q00897.01-0000250855.XLSX,0,Excel,structured_bde,likely_non_responsive,clear_no,12546,0,12546,True,0,roster_by_rowcount bde_llm_count_roster
bde_overcall(FP),q00897.01-0000260598,Q00897.01-0000260598.XLSX,0,Excel,structured_bde,likely_non_responsive,likely_no,360,1,1,True,0,roster_by_rowcount bde_llm_count_roster
bde_overcall(FP),q00897.01-0000275400,Q00897.01-0000275400.PDF,0,PDF,structured_bde,likely_non_responsive,likely_no,72,0,72,True,1,bde_llm_count_roster
bde_overcall(FP),q00897.01-0000288174,Q00897.01-0000288174.XLSX,0,Excel,structured_bde,likely_non_responsive,likely_no,65,65,65,True,0,roster_by_rowcount bde_llm_count_roster
bde_overcall(FP),q00897.01-0000294910,Q00897.01-0000294910.XLSX,0,Excel,standard,standard,likely_yes,7,7,7,True,0,bde_llm_count_roster
bde_overcall(FP),q00897.01-0000310452,Q00897.01-0000310452.XLSX,0,Excel,structured_bde,likely_non_responsive,clear_no,116,116,116,True,0,bde_llm_count_roster
bde_overcall(FP),q00897.01-0000310554,Q00897.01-0000310554.XLSX,0,Excel,structured_bde,structured_bde,clear_yes,59,59,59,True,0,roster_by_rowcount bde_llm_count_roster
bde_overcall(FP),q00897.01-0000325130,Q00897.01-0000325130.PDF,0,PDF,standard,likely_non_responsive,clear_no,9,7,9,True,1,"img_ocr:p2(1/1,+176chars) bde_llm_count"
bde_overcall(FP),q00897.01-0000326633,Q00897.01-0000326633.PDF,0,PDF,bde,likely_non_responsive,likely_no,50,51,51,True,0,bde_llm_count
bde_overcall(FP),q00897.01-0000326757,Q00897.01-0000326757.PDF,0,PDF,standard,likely_non_responsive,likely_no,30,30,30,True,0,bde_llm_count
bde_overcall(FP),q00897.01-0000327563,Q00897.01-0000327563.XLSX,0,Excel,structured_bde,likely_non_responsive,likely_no,2193,2193,2193,True,0,roster_by_rowcount bde_llm_count_roster
bde_overcall(FP),q00897.01-0000340114,Q00897.01-0000340114.XLSX,0,Excel,structured_bde,likely_non_responsive,clear_no,124,0,124,True,0,roster_by_rowcount bde_llm_count_roster
bde_overcall(FP),q00897.01-0000370753,Q00897.01-0000370753.MSG,0,Messages,likely_non_responsive,,,38,38,38,True,0,bde_llm_count_roster
bde_overcall(FP),q00897.01-0000397749,Q00897.01-0000397749.MSG,0,Messages,standard,likely_non_responsive,likely_no,8,8,8,True,0,bde_llm_count
bde_overcall(FP),q00897.01-0000418559,Q00897.01-0000418559.MSG,0,Messages,likely_non_responsive,,,10,7,10,True,0,bde_llm_count
bde_overcall(FP),q00897.01-0000427382,Q00897.01-0000427382.MSG,0,Messages,likely_non_responsive,,,10,7,10,True,0,bde_llm_count
bde_overcall(FP),q00897.01-0000438807,Q00897.01-0000438807.MSG,0,Messages,standard,likely_non_responsive,likely_no,14,9,14,True,0,bde_llm_count
bde_overcall(FP),q00897.01-0000467447,Q00897.01-0000467447.MSG,0,Messages,standard,likely_non_responsive,likely_no,9,9,9,True,0,bde_llm_count
bde_overcall(FP),q00897.01-0000481270,Q00897.01-0000481270.MSG,0,Messages,standard,standard,likely_yes,7,7,7,True,0,bde_llm_count
bde_overcall(FP),q00897.01-0000482223,Q00897.01-0000482223.MSG,0,Messages,likely_non_responsive,,,12,7,12,True,0,bde_llm_count
bde_overcall(FP),q00897.01-0000482418,Q00897.01-0000482418.MSG,0,Messages,likely_non_responsive,,,15,8,15,True,0,bde_llm_count
bde_overcall(FP),q00897.01-0000485743,Q00897.01-0000485743.MSG,0,Messages,standard,standard,,18,10,18,True,0,bde_llm_count
bde_overcall(FP),q00897.01-0000515679,Q00897.01-0000515679.MSG,0,Messages,standard,likely_non_responsive,clear_no,8,7,8,True,0,bde_llm_count
bde_overcall(FP),q00897.01-0000538231,Q00897.01-0000538231.MSG,0,Messages,standard,likely_non_responsive,likely_no,7,7,7,True,0,bde_llm_count
bde_overcall(FP),q00897.01-0000601581,Q00897.01-0000601581.MSG,0,Messages,standard,likely_non_responsive,likely_no,7,7,7,True,0,bde_llm_count
bde_overcall(FP),q00897.01-0000617703,Q00897.01-0000617703.MSG,0,Messages,standard,likely_non_responsive,likely_no,8,7,8,True,0,bde_llm_count
bde_overcall(FP),q00897.01-0000628442,Q00897.01-0000628442.MSG,0,Messages,standard,standard,likely_yes,15,15,15,True,0,bde_llm_count
bde_overcall(FP),q00897.01-0000636298,Q00897.01-0000636298.MSG,0,Messages,standard,likely_non_responsive,likely_no,18,18,18,True,0,bde_llm_count
bde_overcall(FP),q00897.01-0000652068,Q00897.01-0000652068.MSG,0,Messages,standard,likely_non_responsive,likely_no,11,11,11,True,0,bde_llm_count
bde_overcall(FP),q00897.01-0000657435,Q00897.01-0000657435.MSG,0,Messages,standard,likely_non_responsive,likely_no,8,7,8,True,0,bde_llm_count
bde_overcall(FP),q00897.01-0000658827,Q00897.01-0000658827.MSG,0,Messages,standard,likely_non_responsive,likely_no,8,8,8,True,0,bde_llm_count
bde_overcall(FP),q00897.01-0000662024,Q00897.01-0000662024.MSG,0,Messages,standard,likely_non_responsive,borderline,10,7,10,True,0,bde_llm_count
bde_overcall(FP),q00897.01-0000662922,Q00897.01-0000662922.MSG,0,Messages,standard,likely_non_responsive,likely_no,10,10,10,True,0,bde_llm_count
bde_overcall(FP),q00897.01-0000678904,Q00897.01-0000678904.MSG,0,Messages,likely_non_responsive,,,9,9,9,True,0,bde_llm_count
bde_overcall(FP),q00897.01-0000680247,Q00897.01-0000680247.MSG,0,Messages,standard,likely_non_responsive,clear_no,9,7,9,True,0,bde_llm_count
bde_overcall(FP),q00897.01-0000685126,Q00897.01-0000685126.MSG,0,Messages,standard,likely_non_responsive,likely_no,12,14,14,True,0,bde_llm_count
bde_overcall(FP),q00897.01-0000691506,Q00897.01-0000691506.MSG,0,Messages,standard,likely_non_responsive,clear_no,26,18,26,True,0,bde_llm_count_roster
bde_overcall(FP),q00897.01-0000693652,Q00897.01-0000693652.MSG,0,Messages,standard,standard,likely_yes,15,15,15,True,0,bde_llm_count
bde_overcall(FP),q00897.01-0000706982,Q00897.01-0000706982.MSG,0,Messages,likely_non_responsive,,,22,18,22,True,0,bde_llm_count
bde_overcall(FP),q00897.01-0000711065,Q00897.01-0000711065.MSG,0,Messages,standard,likely_non_responsive,clear_no,12,12,12,True,0,bde_llm_count
bde_overcall(FP),q00897.01-0000750756,Q00897.01-0000750756.MSG,0,Messages,likely_non_responsive,,,8,8,8,True,0,bde_llm_count
bde_overcall(FP),q00897.01-0000755903,Q00897.01-0000755903.MSG,0,Messages,standard,standard,clear_yes,16,16,16,True,0,bde_llm_count
bde_overcall(FP),q00897.01-0000761973,Q00897.01-0000761973.MSG,0,Messages,bde,bde,clear_yes,98,98,98,True,0,bde_llm_count_roster
bde_overcall(FP),q00897.01-0000768966,Q00897.01-0000768966.MSG,0,Messages,standard,likely_non_responsive,likely_no,13,7,13,True,0,bde_llm_count
bde_overcall(FP),q00897.01-0000773686,Q00897.01-0000773686.MSG,0,Messages,standard,likely_non_responsive,likely_no,7,7,7,True,0,bde_llm_count
bde_overcall(FP),q00897.01-0000774196,Q00897.01-0000774196.MSG,0,Messages,standard,likely_non_responsive,likely_no,8,7,8,True,0,bde_llm_count
bde_overcall(FP),q00897.01-0000823706,Q00897.01-0000823706.MSG,0,Messages,standard,likely_non_responsive,likely_no,7,7,7,True,0,bde_llm_count
bde_overcall(FP),q00897.01-0000829342,Q00897.01-0000829342.MSG,0,Messages,standard,likely_non_responsive,likely_no,16,16,16,True,0,bde_llm_count
bde_overcall(FP),q00897.01-0000833783,Q00897.01-0000833783.MSG,0,Messages,standard,standard,clear_yes,8,7,8,True,0,bde_llm_count
bde_overcall(FP),q00897.01-0000835291,Q00897.01-0000835291.MSG,0,Messages,standard,standard,likely_yes,20,10,20,True,0,bde_llm_count
bde_overcall(FP),q00897.01-0000835582,Q00897.01-0000835582.MSG,0,Messages,standard,likely_non_responsive,borderline,8,7,8,True,0,bde_llm_count
bde_overcall(FP),q00897.01-0000838722,Q00897.01-0000838722.MSG,0,Messages,standard,standard,likely_yes,12,9,12,True,0,bde_llm_count
bde_overcall(FP),q00897.01-0000838773,Q00897.01-0000838773.MSG,0,Messages,standard,standard,clear_yes,12,10,12,True,0,bde_llm_count
bde_overcall(FP),q00897.01-0000838986,Q00897.01-0000838986.MSG,0,Messages,standard,standard,clear_yes,20,7,20,True,0,bde_llm_count
bde_overcall(FP),q00897.01-0000840244,Q00897.01-0000840244.MSG,0,Messages,standard,likely_non_responsive,likely_no,13,13,13,True,0,bde_llm_count
bde_overcall(FP),q00897.01-0000840450,Q00897.01-0000840450.MSG,0,Messages,standard,likely_non_responsive,likely_no,15,10,15,True,0,bde_llm_count
bde_overcall(FP),q00897.01-0000843193,Q00897.01-0000843193.MSG,0,Messages,likely_non_responsive,,,7,7,7,True,0,bde_llm_count
bde_overcall(FP),q00897.01-0000850516,Q00897.01-0000850516.XLSX,0,Excel,structured_bde,likely_non_responsive,clear_no,71,71,71,True,0,bde_llm_count_roster
bde_overcall(FP),q00897.01-0000859476,Q00897.01-0000859476.XLSX,0,Excel,standard,standard,clear_yes,9,9,9,True,0,bde_llm_count_roster
bde_overcall(FP),q00897.01-0000866775,Q00897.01-0000866775.XLS,0,Excel,structured_bde,structured_bde,clear_yes,124,124,124,True,0,roster_by_rowcount bde_llm_count_roster
bde_overcall(FP),q00897.01-0000869093,Q00897.01-0000869093.TXT,0,Text,bde,likely_non_responsive,clear_no,52,0,52,True,0,bde_llm_count_roster
bde_overcall(FP),q00897.01-0000873103,Q00897.01-0000873103.XLSX,0,Excel,structured_bde,likely_non_responsive,clear_no,317,0,317,True,0,roster_by_rowcount bde_llm_count_roster
